customer_id,name,age_group,gender,region,city,registration_date,is_returning
CUST0001,Customer_0001,26-35,Male,South,Coimbatore,2023-04-15,0
CUST0002,Customer_0002,55+,Female,South,Kochi,2023-01-24,1
CUST0003,Customer_0003,26-35,Male,Central,Jabalpur,2023-01-24,1
CUST0004,Customer_0004,46-55,Female,North,Jaipur,2023-06-01,0
CUST0005,Customer_0005,55+,Male,South,Bangalore,2023-02-09,1
CUST0006,Customer_0006,36-45,Male,West,Surat,2023-06-24,0
CUST0007,Customer_0007,36-45,Other,North,Chandigarh,2023-05-24,1
CUST0008,Customer_0008,55+,Male,South,Bangalore,2023-01-22,0
CUST0009,Customer_0009,46-55,Female,North,Chandigarh,2023-04-03,0
CUST0010,Customer_0010,18-25,Male,West,Mumbai,2023-05-10,1
CUST0011,Customer_0011,46-55,Female,West,Mumbai,2023-06-26,0
CUST0012,Customer_0012,36-45,Male,East,Guwahati,2023-03-22,1
CUST0013,Customer_0013,26-35,Male,West,Mumbai,2023-02-22,1
CUST0014,Customer_0014,36-45,Female,West,Pune,2023-04-15,1
CUST0015,Customer_0015,26-35,Female,North,Amritsar,2023-01-16,1
CUST0016,Customer_0016,36-45,Male,North,Chandigarh,2023-02-02,0
CUST0017,Customer_0017,55+,Male,North,Chandigarh,2023-04-16,1
CUST0018,Customer_0018,36-45,Male,West,Mumbai,2023-03-02,0
CUST0019,Customer_0019,18-25,Male,South,Coimbatore,2023-05-10,1
CUST0020,Customer_0020,46-55,Male,South,Kochi,2023-04-14,0
CUST0021,Customer_0021,36-45,Female,North,Delhi,2023-05-18,1
CUST0022,Customer_0022,36-45,Male,North,Chandigarh,2023-04-25,0
CUST0023,Customer_0023,46-55,Male,West,Pune,2023-02-26,0
CUST0024,Customer_0024,18-25,Male,South,Hyderabad,2023-04-24,0
CUST0025,Customer_0025,46-55,Female,East,Patna,2023-05-04,1
CUST0026,Customer_0026,36-45,Male,West,Pune,2023-06-19,1
CUST0027,Customer_0027,26-35,Male,West,Surat,2023-06-09,0
CUST0028,Customer_0028,36-45,Other,North,Jaipur,2023-03-31,0
CUST0029,Customer_0029,46-55,Female,West,Ahmedabad,2023-06-21,0
CUST0030,Customer_0030,46-55,Male,West,Ahmedabad,2023-04-16,1
CUST0031,Customer_0031,36-45,Female,North,Amritsar,2023-05-18,0
CUST0032,Customer_0032,26-35,Male,West,Surat,2023-05-12,1
CUST0033,Customer_0033,55+,Female,East,Ranchi,2023-05-01,0
CUST0034,Customer_0034,18-25,Female,Central,Raipur,2023-01-07,0
CUST0035,Customer_0035,55+,Female,South,Coimbatore,2023-04-18,0
CUST0036,Customer_0036,46-55,Female,Central,Jabalpur,2023-01-27,0
CUST0037,Customer_0037,46-55,Female,South,Bangalore,2023-04-29,1
CUST0038,Customer_0038,36-45,Male,East,Bhubaneswar,2023-04-19,0
CUST0039,Customer_0039,26-35,Female,East,Guwahati,2023-04-30,1
CUST0040,Customer_0040,26-35,Other,West,Surat,2023-05-28,1
CUST0041,Customer_0041,18-25,Male,Central,Gwalior,2023-03-04,1
CUST0042,Customer_0042,55+,Female,South,Chennai,2023-01-20,0
CUST0043,Customer_0043,46-55,Male,North,Jaipur,2023-06-13,0
CUST0044,Customer_0044,18-25,Male,West,Surat,2023-06-01,1
CUST0045,Customer_0045,26-35,Female,East,Patna,2023-03-01,0
CUST0046,Customer_0046,26-35,Male,West,Pune,2023-06-29,0
CUST0047,Customer_0047,18-25,Female,South,Hyderabad,2023-03-12,0
CUST0048,Customer_0048,55+,Male,North,Jaipur,2023-05-25,0
CUST0049,Customer_0049,55+,Male,West,Pune,2023-02-03,1
CUST0050,Customer_0050,26-35,Female,South,Hyderabad,2023-06-16,1
CUST0051,Customer_0051,36-45,Female,South,Chennai,2023-02-12,1
CUST0052,Customer_0052,26-35,Male,South,Chennai,2023-02-19,1
CUST0053,Customer_0053,26-35,Female,North,Delhi,2023-01-05,1
CUST0054,Customer_0054,26-35,Female,West,Pune,2023-01-22,0
CUST0055,Customer_0055,55+,Male,South,Chennai,2023-03-07,0
CUST0056,Customer_0056,36-45,Female,North,Delhi,2023-02-11,0
CUST0057,Customer_0057,18-25,Male,North,Lucknow,2023-03-17,0
CUST0058,Customer_0058,36-45,Female,West,Ahmedabad,2023-06-06,0
CUST0059,Customer_0059,26-35,Female,West,Nagpur,2023-04-08,0
CUST0060,Customer_0060,55+,Female,West,Surat,2023-03-16,0
CUST0061,Customer_0061,26-35,Male,East,Kolkata,2023-02-15,0
CUST0062,Customer_0062,46-55,Male,West,Mumbai,2023-02-12,0
CUST0063,Customer_0063,36-45,Male,North,Chandigarh,2023-02-22,0
CUST0064,Customer_0064,26-35,Male,East,Guwahati,2023-02-17,0
CUST0065,Customer_0065,18-25,Male,South,Kochi,2023-05-10,0
CUST0066,Customer_0066,55+,Male,South,Kochi,2023-03-30,1
CUST0067,Customer_0067,46-55,Male,North,Amritsar,2023-02-11,0
CUST0068,Customer_0068,26-35,Male,East,Bhubaneswar,2023-04-23,0
CUST0069,Customer_0069,26-35,Female,West,Ahmedabad,2023-02-15,1
CUST0070,Customer_0070,55+,Male,North,Chandigarh,2023-05-21,1
CUST0071,Customer_0071,26-35,Male,East,Kolkata,2023-04-13,1
CUST0072,Customer_0072,18-25,Female,East,Kolkata,2023-03-28,1
CUST0073,Customer_0073,36-45,Male,South,Chennai,2023-01-17,0
CUST0074,Customer_0074,26-35,Female,East,Patna,2023-01-04,0
CUST0075,Customer_0075,36-45,Female,South,Bangalore,2023-02-11,0
CUST0076,Customer_0076,36-45,Male,North,Delhi,2023-04-27,1
CUST0077,Customer_0077,18-25,Male,West,Surat,2023-01-22,0
CUST0078,Customer_0078,18-25,Male,North,Chandigarh,2023-04-08,0
CUST0079,Customer_0079,36-45,Female,North,Amritsar,2023-02-25,0
CUST0080,Customer_0080,46-55,Male,North,Delhi,2023-06-16,0
CUST0081,Customer_0081,55+,Female,South,Kochi,2023-05-09,0
CUST0082,Customer_0082,36-45,Female,West,Mumbai,2023-03-26,0
CUST0083,Customer_0083,55+,Male,North,Jaipur,2023-01-10,0
CUST0084,Customer_0084,46-55,Female,East,Bhubaneswar,2023-06-10,1
CUST0085,Customer_0085,18-25,Female,East,Patna,2023-01-06,0
CUST0086,Customer_0086,46-55,Female,South,Kochi,2023-01-06,0
CUST0087,Customer_0087,55+,Female,Central,Gwalior,2023-05-12,0
CUST0088,Customer_0088,18-25,Female,South,Bangalore,2023-03-16,0
CUST0089,Customer_0089,55+,Male,West,Ahmedabad,2023-04-28,0
CUST0090,Customer_0090,46-55,Male,East,Bhubaneswar,2023-01-14,1
CUST0091,Customer_0091,36-45,Male,North,Delhi,2023-05-30,0
CUST0092,Customer_0092,26-35,Female,Central,Raipur,2023-01-05,0
CUST0093,Customer_0093,36-45,Female,West,Mumbai,2023-02-16,1
CUST0094,Customer_0094,36-45,Female,East,Kolkata,2023-04-10,0
CUST0095,Customer_0095,36-45,Female,West,Pune,2023-03-07,0
CUST0096,Customer_0096,46-55,Male,West,Ahmedabad,2023-06-05,0
CUST0097,Customer_0097,36-45,Female,East,Ranchi,2023-06-04,0
CUST0098,Customer_0098,46-55,Male,South,Bangalore,2023-05-10,0
CUST0099,Customer_0099,26-35,Female,East,Ranchi,2023-03-27,1
CUST0100,Customer_0100,46-55,Female,North,Amritsar,2023-05-14,1
CUST0101,Customer_0101,55+,Female,South,Kochi,2023-01-02,0
CUST0102,Customer_0102,18-25,Male,North,Lucknow,2023-04-20,0
CUST0103,Customer_0103,26-35,Male,West,Ahmedabad,2023-01-24,0
CUST0104,Customer_0104,26-35,Male,North,Amritsar,2023-03-22,0
CUST0105,Customer_0105,36-45,Male,North,Chandigarh,2023-03-25,1
CUST0106,Customer_0106,46-55,Female,South,Hyderabad,2023-01-12,0
CUST0107,Customer_0107,36-45,Female,South,Chennai,2023-02-26,1
CUST0108,Customer_0108,55+,Female,West,Pune,2023-06-23,1
CUST0109,Customer_0109,26-35,Female,East,Ranchi,2023-02-12,1
CUST0110,Customer_0110,55+,Male,North,Amritsar,2023-03-21,0
CUST0111,Customer_0111,36-45,Female,North,Amritsar,2023-04-23,1
CUST0112,Customer_0112,55+,Male,West,Pune,2023-03-17,0
CUST0113,Customer_0113,46-55,Male,South,Hyderabad,2023-05-22,0
CUST0114,Customer_0114,46-55,Male,North,Delhi,2023-01-12,1
CUST0115,Customer_0115,46-55,Male,South,Coimbatore,2023-05-21,0
CUST0116,Customer_0116,18-25,Female,North,Jaipur,2023-04-02,0
CUST0117,Customer_0117,55+,Male,South,Bangalore,2023-04-11,0
CUST0118,Customer_0118,26-35,Female,South,Bangalore,2023-03-13,0
CUST0119,Customer_0119,55+,Male,Central,Bhopal,2023-03-16,0
CUST0120,Customer_0120,55+,Male,North,Amritsar,2023-02-07,0
CUST0121,Customer_0121,36-45,Male,West,Mumbai,2023-04-23,1
CUST0122,Customer_0122,46-55,Female,East,Kolkata,2023-03-01,0
CUST0123,Customer_0123,46-55,Female,Central,Indore,2023-05-11,0
CUST0124,Customer_0124,36-45,Female,East,Bhubaneswar,2023-04-02,1
CUST0125,Customer_0125,18-25,Male,North,Chandigarh,2023-01-12,1
CUST0126,Customer_0126,26-35,Female,East,Kolkata,2023-04-29,1
CUST0127,Customer_0127,26-35,Female,North,Lucknow,2023-02-27,1
CUST0128,Customer_0128,18-25,Female,South,Coimbatore,2023-04-29,0
CUST0129,Customer_0129,26-35,Female,North,Delhi,2023-03-20,0
CUST0130,Customer_0130,55+,Male,West,Ahmedabad,2023-05-09,0
CUST0131,Customer_0131,55+,Female,Central,Raipur,2023-06-27,1
CUST0132,Customer_0132,26-35,Male,West,Ahmedabad,2023-02-22,1
CUST0133,Customer_0133,36-45,Female,South,Kochi,2023-01-22,0
CUST0134,Customer_0134,18-25,Female,North,Chandigarh,2023-05-04,0
CUST0135,Customer_0135,26-35,Female,West,Mumbai,2023-02-15,0
CUST0136,Customer_0136,36-45,Male,South,Kochi,2023-03-19,0
CUST0137,Customer_0137,26-35,Female,West,Mumbai,2023-04-07,1
CUST0138,Customer_0138,36-45,Female,West,Surat,2023-03-14,0
CUST0139,Customer_0139,18-25,Male,East,Ranchi,2023-03-26,1
CUST0140,Customer_0140,26-35,Male,East,Guwahati,2023-06-22,1
CUST0141,Customer_0141,36-45,Male,West,Nagpur,2023-03-27,0
CUST0142,Customer_0142,46-55,Male,North,Chandigarh,2023-01-18,0
CUST0143,Customer_0143,36-45,Male,Central,Indore,2023-04-16,0
CUST0144,Customer_0144,46-55,Male,North,Lucknow,2023-01-16,0
CUST0145,Customer_0145,26-35,Female,South,Chennai,2023-04-24,1
CUST0146,Customer_0146,36-45,Male,West,Surat,2023-06-03,0
CUST0147,Customer_0147,55+,Male,Central,Jabalpur,2023-06-10,0
CUST0148,Customer_0148,26-35,Male,Central,Jabalpur,2023-05-05,1
CUST0149,Customer_0149,55+,Male,East,Patna,2023-05-06,1
CUST0150,Customer_0150,26-35,Male,East,Guwahati,2023-01-27,1
CUST0151,Customer_0151,18-25,Female,South,Hyderabad,2023-01-04,0
CUST0152,Customer_0152,46-55,Female,Central,Gwalior,2023-02-02,0
CUST0153,Customer_0153,26-35,Female,North,Chandigarh,2023-01-30,0
CUST0154,Customer_0154,18-25,Female,South,Chennai,2023-01-07,0
CUST0155,Customer_0155,26-35,Male,North,Amritsar,2023-02-20,0
CUST0156,Customer_0156,36-45,Female,South,Kochi,2023-02-18,0
CUST0157,Customer_0157,46-55,Male,North,Delhi,2023-03-29,1
CUST0158,Customer_0158,46-55,Female,West,Pune,2023-01-12,0
CUST0159,Customer_0159,36-45,Female,South,Kochi,2023-04-06,1
CUST0160,Customer_0160,18-25,Male,East,Guwahati,2023-06-16,1
CUST0161,Customer_0161,46-55,Female,South,Chennai,2023-01-25,0
CUST0162,Customer_0162,26-35,Male,West,Mumbai,2023-06-27,0
CUST0163,Customer_0163,36-45,Female,South,Hyderabad,2023-06-01,0
CUST0164,Customer_0164,36-45,Female,North,Chandigarh,2023-04-11,1
CUST0165,Customer_0165,18-25,Female,North,Lucknow,2023-01-22,0
CUST0166,Customer_0166,26-35,Female,South,Hyderabad,2023-01-30,0
CUST0167,Customer_0167,46-55,Male,East,Ranchi,2023-02-04,0
CUST0168,Customer_0168,36-45,Male,South,Kochi,2023-03-30,0
CUST0169,Customer_0169,18-25,Female,West,Nagpur,2023-02-14,0
CUST0170,Customer_0170,46-55,Male,South,Hyderabad,2023-01-10,0
CUST0171,Customer_0171,36-45,Male,West,Nagpur,2023-03-16,0
CUST0172,Customer_0172,18-25,Female,North,Lucknow,2023-01-17,0
CUST0173,Customer_0173,26-35,Male,North,Amritsar,2023-05-25,1
CUST0174,Customer_0174,26-35,Male,North,Amritsar,2023-04-04,1
CUST0175,Customer_0175,26-35,Male,South,Kochi,2023-05-12,0
CUST0176,Customer_0176,36-45,Other,East,Bhubaneswar,2023-03-15,0
CUST0177,Customer_0177,26-35,Male,East,Kolkata,2023-01-27,0
CUST0178,Customer_0178,18-25,Male,West,Surat,2023-03-12,0
CUST0179,Customer_0179,18-25,Male,North,Delhi,2023-01-06,0
CUST0180,Customer_0180,36-45,Male,West,Ahmedabad,2023-03-11,1
CUST0181,Customer_0181,46-55,Male,North,Chandigarh,2023-06-04,1
CUST0182,Customer_0182,26-35,Female,Central,Raipur,2023-03-25,0
CUST0183,Customer_0183,26-35,Male,North,Chandigarh,2023-06-04,1
CUST0184,Customer_0184,55+,Male,West,Pune,2023-03-23,0
CUST0185,Customer_0185,18-25,Male,South,Bangalore,2023-05-23,1
CUST0186,Customer_0186,26-35,Male,West,Pune,2023-02-01,1
CUST0187,Customer_0187,18-25,Female,East,Patna,2023-01-21,0
CUST0188,Customer_0188,18-25,Female,West,Nagpur,2023-05-14,1
CUST0189,Customer_0189,36-45,Female,East,Ranchi,2023-06-24,0
CUST0190,Customer_0190,46-55,Female,South,Coimbatore,2023-05-14,1
CUST0191,Customer_0191,18-25,Female,West,Nagpur,2023-03-05,0
CUST0192,Customer_0192,26-35,Female,North,Amritsar,2023-06-15,1
CUST0193,Customer_0193,36-45,Female,East,Guwahati,2023-02-03,0
CUST0194,Customer_0194,55+,Male,North,Jaipur,2023-04-10,1
CUST0195,Customer_0195,36-45,Male,West,Ahmedabad,2023-02-21,0
CUST0196,Customer_0196,55+,Female,West,Ahmedabad,2023-06-12,0
CUST0197,Customer_0197,26-35,Female,South,Bangalore,2023-03-30,0
CUST0198,Customer_0198,18-25,Female,East,Ranchi,2023-02-27,1
CUST0199,Customer_0199,36-45,Female,East,Guwahati,2023-06-29,1
CUST0200,Customer_0200,36-45,Female,North,Amritsar,2023-02-15,1
CUST0201,Customer_0201,18-25,Female,South,Hyderabad,2023-04-29,1
CUST0202,Customer_0202,55+,Male,East,Patna,2023-02-03,1
CUST0203,Customer_0203,26-35,Female,West,Nagpur,2023-05-13,0
CUST0204,Customer_0204,18-25,Male,West,Nagpur,2023-02-10,1
CUST0205,Customer_0205,46-55,Female,South,Coimbatore,2023-04-23,1
CUST0206,Customer_0206,18-25,Male,Central,Gwalior,2023-05-06,1
CUST0207,Customer_0207,36-45,Male,South,Hyderabad,2023-06-03,0
CUST0208,Customer_0208,26-35,Female,Central,Indore,2023-06-15,1
CUST0209,Customer_0209,46-55,Female,West,Nagpur,2023-02-24,0
CUST0210,Customer_0210,36-45,Female,South,Kochi,2023-02-26,0
CUST0211,Customer_0211,18-25,Male,North,Delhi,2023-02-16,1
CUST0212,Customer_0212,26-35,Female,West,Pune,2023-04-23,0
CUST0213,Customer_0213,36-45,Female,North,Delhi,2023-01-29,0
CUST0214,Customer_0214,18-25,Male,West,Mumbai,2023-03-02,1
CUST0215,Customer_0215,36-45,Female,East,Ranchi,2023-03-17,1
CUST0216,Customer_0216,46-55,Male,South,Bangalore,2023-06-05,0
CUST0217,Customer_0217,36-45,Female,South,Kochi,2023-02-07,1
CUST0218,Customer_0218,18-25,Male,North,Amritsar,2023-04-01,1
CUST0219,Customer_0219,46-55,Female,East,Guwahati,2023-06-24,0
CUST0220,Customer_0220,46-55,Male,South,Kochi,2023-01-25,0
CUST0221,Customer_0221,26-35,Male,North,Lucknow,2023-01-21,0
CUST0222,Customer_0222,18-25,Female,South,Hyderabad,2023-03-23,1
CUST0223,Customer_0223,46-55,Female,East,Bhubaneswar,2023-06-13,0
CUST0224,Customer_0224,36-45,Male,West,Nagpur,2023-01-04,0
CUST0225,Customer_0225,46-55,Male,North,Jaipur,2023-02-02,1
CUST0226,Customer_0226,18-25,Female,West,Mumbai,2023-06-24,1
CUST0227,Customer_0227,55+,Female,North,Jaipur,2023-05-13,1
CUST0228,Customer_0228,46-55,Male,West,Mumbai,2023-01-11,0
CUST0229,Customer_0229,26-35,Female,South,Chennai,2023-06-13,1
CUST0230,Customer_0230,46-55,Male,East,Ranchi,2023-05-04,1
CUST0231,Customer_0231,26-35,Male,East,Bhubaneswar,2023-01-24,1
CUST0232,Customer_0232,18-25,Male,North,Amritsar,2023-03-27,1
CUST0233,Customer_0233,55+,Male,Central,Bhopal,2023-06-10,0
CUST0234,Customer_0234,26-35,Male,South,Bangalore,2023-02-28,0
CUST0235,Customer_0235,46-55,Male,South,Bangalore,2023-03-31,0
CUST0236,Customer_0236,36-45,Male,East,Kolkata,2023-01-26,0
CUST0237,Customer_0237,46-55,Male,North,Chandigarh,2023-03-24,0
CUST0238,Customer_0238,36-45,Female,South,Kochi,2023-05-15,0
CUST0239,Customer_0239,55+,Female,East,Bhubaneswar,2023-03-31,0
CUST0240,Customer_0240,18-25,Male,East,Guwahati,2023-01-11,0
CUST0241,Customer_0241,26-35,Female,North,Delhi,2023-03-08,0
CUST0242,Customer_0242,46-55,Female,East,Ranchi,2023-01-26,0
CUST0243,Customer_0243,26-35,Male,North,Lucknow,2023-05-11,0
CUST0244,Customer_0244,55+,Male,West,Ahmedabad,2023-04-04,1
CUST0245,Customer_0245,46-55,Female,North,Amritsar,2023-01-20,0
CUST0246,Customer_0246,36-45,Female,West,Nagpur,2023-06-15,1
CUST0247,Customer_0247,26-35,Female,North,Delhi,2023-06-12,0
CUST0248,Customer_0248,55+,Male,South,Kochi,2023-03-01,1
CUST0249,Customer_0249,46-55,Male,West,Surat,2023-06-14,1
CUST0250,Customer_0250,18-25,Male,South,Kochi,2023-06-05,1
CUST0251,Customer_0251,26-35,Male,South,Hyderabad,2023-01-14,0
CUST0252,Customer_0252,36-45,Female,East,Kolkata,2023-02-04,1
CUST0253,Customer_0253,26-35,Male,East,Bhubaneswar,2023-03-29,1
CUST0254,Customer_0254,18-25,Female,North,Amritsar,2023-02-15,0
CUST0255,Customer_0255,46-55,Male,North,Lucknow,2023-03-26,0
CUST0256,Customer_0256,26-35,Female,East,Guwahati,2023-02-20,1
CUST0257,Customer_0257,18-25,Male,West,Pune,2023-03-13,0
CUST0258,Customer_0258,55+,Female,West,Mumbai,2023-01-02,0
CUST0259,Customer_0259,55+,Female,South,Bangalore,2023-06-20,0
CUST0260,Customer_0260,36-45,Male,West,Pune,2023-06-03,1
CUST0261,Customer_0261,26-35,Male,North,Lucknow,2023-04-16,1
CUST0262,Customer_0262,36-45,Male,West,Ahmedabad,2023-04-28,1
CUST0263,Customer_0263,55+,Male,East,Guwahati,2023-06-06,0
CUST0264,Customer_0264,46-55,Female,West,Nagpur,2023-05-30,0
CUST0265,Customer_0265,36-45,Male,East,Patna,2023-04-24,0
CUST0266,Customer_0266,18-25,Male,South,Hyderabad,2023-02-15,1
CUST0267,Customer_0267,18-25,Male,East,Guwahati,2023-06-23,1
CUST0268,Customer_0268,46-55,Male,Central,Gwalior,2023-01-26,0
CUST0269,Customer_0269,55+,Male,East,Ranchi,2023-05-25,0
CUST0270,Customer_0270,26-35,Female,South,Coimbatore,2023-01-16,0
CUST0271,Customer_0271,55+,Female,South,Hyderabad,2023-06-26,0
CUST0272,Customer_0272,26-35,Female,North,Chandigarh,2023-01-26,0
CUST0273,Customer_0273,26-35,Female,East,Ranchi,2023-02-08,0
CUST0274,Customer_0274,36-45,Male,South,Chennai,2023-02-09,0
CUST0275,Customer_0275,36-45,Male,North,Jaipur,2023-01-18,0
CUST0276,Customer_0276,55+,Male,South,Hyderabad,2023-03-25,1
CUST0277,Customer_0277,18-25,Male,North,Amritsar,2023-06-15,1
CUST0278,Customer_0278,26-35,Female,West,Pune,2023-01-28,1
CUST0279,Customer_0279,26-35,Male,South,Kochi,2023-05-01,1
CUST0280,Customer_0280,26-35,Female,South,Kochi,2023-03-25,0
CUST0281,Customer_0281,26-35,Male,West,Nagpur,2023-02-01,0
CUST0282,Customer_0282,55+,Male,West,Surat,2023-02-14,0
CUST0283,Customer_0283,18-25,Other,Central,Bhopal,2023-06-03,1
CUST0284,Customer_0284,36-45,Female,North,Lucknow,2023-01-03,1
CUST0285,Customer_0285,46-55,Female,East,Bhubaneswar,2023-02-02,1
CUST0286,Customer_0286,18-25,Female,North,Chandigarh,2023-04-27,0
CUST0287,Customer_0287,18-25,Male,North,Delhi,2023-03-09,0
CUST0288,Customer_0288,26-35,Female,East,Patna,2023-04-14,0
CUST0289,Customer_0289,36-45,Female,South,Coimbatore,2023-06-15,0
CUST0290,Customer_0290,18-25,Male,South,Chennai,2023-05-14,0
CUST0291,Customer_0291,46-55,Male,East,Kolkata,2023-04-03,1
CUST0292,Customer_0292,18-25,Male,South,Chennai,2023-02-17,0
CUST0293,Customer_0293,46-55,Male,West,Surat,2023-01-21,0
CUST0294,Customer_0294,26-35,Female,North,Jaipur,2023-03-26,1
CUST0295,Customer_0295,55+,Female,North,Amritsar,2023-01-16,1
CUST0296,Customer_0296,55+,Male,South,Coimbatore,2023-06-10,0
CUST0297,Customer_0297,26-35,Female,South,Hyderabad,2023-02-10,0
CUST0298,Customer_0298,36-45,Female,North,Lucknow,2023-01-27,1
CUST0299,Customer_0299,55+,Female,Central,Jabalpur,2023-02-21,0
CUST0300,Customer_0300,36-45,Male,North,Jaipur,2023-05-25,1
CUST0301,Customer_0301,46-55,Male,West,Nagpur,2023-06-24,0
CUST0302,Customer_0302,55+,Male,North,Lucknow,2023-01-31,1
CUST0303,Customer_0303,46-55,Female,North,Jaipur,2023-06-26,0
CUST0304,Customer_0304,55+,Male,North,Chandigarh,2023-03-17,1
CUST0305,Customer_0305,18-25,Male,Central,Jabalpur,2023-05-04,1
CUST0306,Customer_0306,18-25,Female,North,Delhi,2023-03-21,0
CUST0307,Customer_0307,26-35,Male,South,Hyderabad,2023-05-11,0
CUST0308,Customer_0308,46-55,Male,North,Chandigarh,2023-04-28,0
CUST0309,Customer_0309,36-45,Male,South,Kochi,2023-05-06,0
CUST0310,Customer_0310,18-25,Female,North,Chandigarh,2023-06-27,1
CUST0311,Customer_0311,18-25,Female,West,Ahmedabad,2023-06-23,0
CUST0312,Customer_0312,26-35,Male,West,Nagpur,2023-06-15,0
CUST0313,Customer_0313,46-55,Male,West,Nagpur,2023-04-29,0
CUST0314,Customer_0314,46-55,Male,West,Mumbai,2023-05-19,0
CUST0315,Customer_0315,26-35,Male,South,Chennai,2023-04-03,0
CUST0316,Customer_0316,46-55,Female,South,Bangalore,2023-04-26,1
CUST0317,Customer_0317,55+,Male,South,Hyderabad,2023-04-19,0
CUST0318,Customer_0318,26-35,Male,West,Nagpur,2023-01-18,0
CUST0319,Customer_0319,18-25,Male,Central,Raipur,2023-06-07,0
CUST0320,Customer_0320,18-25,Male,North,Delhi,2023-05-14,1
CUST0321,Customer_0321,46-55,Female,South,Kochi,2023-06-20,0
CUST0322,Customer_0322,18-25,Male,West,Ahmedabad,2023-03-20,0
CUST0323,Customer_0323,55+,Female,West,Surat,2023-02-25,1
CUST0324,Customer_0324,46-55,Male,South,Kochi,2023-06-17,0
CUST0325,Customer_0325,26-35,Male,West,Surat,2023-01-12,0
CUST0326,Customer_0326,36-45,Female,North,Jaipur,2023-01-05,1
CUST0327,Customer_0327,46-55,Female,North,Chandigarh,2023-04-12,0
CUST0328,Customer_0328,26-35,Female,South,Kochi,2023-03-23,0
CUST0329,Customer_0329,26-35,Male,South,Chennai,2023-04-05,1
CUST0330,Customer_0330,46-55,Male,West,Pune,2023-03-25,0
CUST0331,Customer_0331,18-25,Female,South,Chennai,2023-01-20,0
CUST0332,Customer_0332,46-55,Male,Central,Raipur,2023-03-11,1
CUST0333,Customer_0333,26-35,Male,West,Ahmedabad,2023-06-07,0
CUST0334,Customer_0334,36-45,Male,West,Mumbai,2023-02-04,0
CUST0335,Customer_0335,55+,Male,North,Delhi,2023-03-06,0
CUST0336,Customer_0336,18-25,Male,West,Mumbai,2023-06-15,0
CUST0337,Customer_0337,26-35,Male,West,Pune,2023-03-23,0
CUST0338,Customer_0338,55+,Female,North,Lucknow,2023-06-02,0
CUST0339,Customer_0339,55+,Other,West,Mumbai,2023-02-20,0
CUST0340,Customer_0340,26-35,Male,West,Mumbai,2023-04-04,0
CUST0341,Customer_0341,18-25,Male,North,Lucknow,2023-05-19,0
CUST0342,Customer_0342,18-25,Female,West,Surat,2023-01-26,1
CUST0343,Customer_0343,36-45,Male,West,Pune,2023-03-03,1
CUST0344,Customer_0344,26-35,Other,South,Bangalore,2023-01-04,1
CUST0345,Customer_0345,18-25,Female,East,Kolkata,2023-06-09,0
CUST0346,Customer_0346,36-45,Male,North,Chandigarh,2023-05-24,0
CUST0347,Customer_0347,18-25,Male,North,Jaipur,2023-01-30,0
CUST0348,Customer_0348,36-45,Female,South,Coimbatore,2023-05-15,1
CUST0349,Customer_0349,26-35,Male,West,Mumbai,2023-06-03,0
CUST0350,Customer_0350,26-35,Female,West,Ahmedabad,2023-06-02,1
CUST0351,Customer_0351,46-55,Female,North,Chandigarh,2023-05-22,1
CUST0352,Customer_0352,36-45,Male,East,Patna,2023-03-16,0
CUST0353,Customer_0353,36-45,Female,Central,Gwalior,2023-04-18,0
CUST0354,Customer_0354,36-45,Female,North,Chandigarh,2023-06-02,1
CUST0355,Customer_0355,46-55,Male,East,Guwahati,2023-01-14,0
CUST0356,Customer_0356,26-35,Female,North,Amritsar,2023-05-02,1
CUST0357,Customer_0357,46-55,Female,South,Kochi,2023-03-08,0
CUST0358,Customer_0358,26-35,Female,Central,Indore,2023-04-03,1
CUST0359,Customer_0359,55+,Female,East,Ranchi,2023-04-09,1
CUST0360,Customer_0360,46-55,Male,West,Nagpur,2023-01-31,1
CUST0361,Customer_0361,55+,Female,South,Kochi,2023-01-17,1
CUST0362,Customer_0362,18-25,Female,East,Guwahati,2023-05-28,0
CUST0363,Customer_0363,26-35,Male,North,Amritsar,2023-03-12,0
CUST0364,Customer_0364,26-35,Male,North,Chandigarh,2023-04-01,1
CUST0365,Customer_0365,55+,Female,Central,Jabalpur,2023-03-31,0
CUST0366,Customer_0366,46-55,Male,North,Lucknow,2023-06-07,0
CUST0367,Customer_0367,18-25,Male,South,Bangalore,2023-01-02,0
CUST0368,Customer_0368,46-55,Female,South,Coimbatore,2023-01-06,0
CUST0369,Customer_0369,55+,Male,East,Bhubaneswar,2023-02-01,1
CUST0370,Customer_0370,18-25,Male,West,Pune,2023-04-15,0
CUST0371,Customer_0371,55+,Other,East,Patna,2023-05-01,0
CUST0372,Customer_0372,46-55,Male,East,Ranchi,2023-05-14,1
CUST0373,Customer_0373,55+,Female,North,Lucknow,2023-02-22,0
CUST0374,Customer_0374,36-45,Male,East,Bhubaneswar,2023-02-27,1
CUST0375,Customer_0375,36-45,Male,West,Pune,2023-06-18,1
CUST0376,Customer_0376,18-25,Female,South,Hyderabad,2023-05-05,0
CUST0377,Customer_0377,26-35,Male,South,Chennai,2023-01-30,0
CUST0378,Customer_0378,36-45,Female,South,Coimbatore,2023-02-23,0
CUST0379,Customer_0379,26-35,Male,North,Delhi,2023-05-25,1
CUST0380,Customer_0380,36-45,Female,North,Jaipur,2023-06-03,0
CUST0381,Customer_0381,36-45,Male,East,Patna,2023-01-15,0
CUST0382,Customer_0382,55+,Male,East,Bhubaneswar,2023-06-18,0
CUST0383,Customer_0383,46-55,Female,South,Chennai,2023-05-27,0
CUST0384,Customer_0384,36-45,Female,North,Lucknow,2023-06-25,1
CUST0385,Customer_0385,55+,Female,East,Bhubaneswar,2023-03-18,0
CUST0386,Customer_0386,55+,Male,West,Mumbai,2023-05-08,0
CUST0387,Customer_0387,26-35,Male,West,Surat,2023-01-07,1
CUST0388,Customer_0388,18-25,Male,West,Mumbai,2023-04-26,0
CUST0389,Customer_0389,55+,Male,East,Ranchi,2023-04-25,1
CUST0390,Customer_0390,46-55,Female,West,Ahmedabad,2023-03-21,1
CUST0391,Customer_0391,18-25,Male,South,Chennai,2023-04-18,1
CUST0392,Customer_0392,18-25,Female,West,Nagpur,2023-03-15,1
CUST0393,Customer_0393,18-25,Female,East,Bhubaneswar,2023-05-21,1
CUST0394,Customer_0394,46-55,Female,Central,Indore,2023-01-20,1
CUST0395,Customer_0395,36-45,Male,South,Hyderabad,2023-05-28,0
CUST0396,Customer_0396,36-45,Male,North,Delhi,2023-01-04,1
CUST0397,Customer_0397,55+,Female,South,Hyderabad,2023-05-31,0
CUST0398,Customer_0398,46-55,Female,West,Pune,2023-05-17,0
CUST0399,Customer_0399,26-35,Female,South,Chennai,2023-04-14,0
CUST0400,Customer_0400,18-25,Male,South,Coimbatore,2023-01-07,1
CUST0401,Customer_0401,18-25,Female,West,Pune,2023-06-30,1
CUST0402,Customer_0402,26-35,Male,East,Patna,2023-04-10,0
CUST0403,Customer_0403,36-45,Female,East,Patna,2023-02-01,0
CUST0404,Customer_0404,26-35,Female,West,Surat,2023-02-15,0
CUST0405,Customer_0405,26-35,Female,East,Kolkata,2023-04-23,0
CUST0406,Customer_0406,26-35,Female,West,Ahmedabad,2023-01-12,0
CUST0407,Customer_0407,36-45,Other,North,Lucknow,2023-02-27,1
CUST0408,Customer_0408,55+,Female,North,Chandigarh,2023-02-14,0
CUST0409,Customer_0409,18-25,Other,Central,Bhopal,2023-04-24,1
CUST0410,Customer_0410,55+,Female,Central,Bhopal,2023-01-04,0
CUST0411,Customer_0411,18-25,Female,North,Delhi,2023-03-09,1
CUST0412,Customer_0412,46-55,Female,North,Lucknow,2023-02-05,1
CUST0413,Customer_0413,46-55,Male,South,Bangalore,2023-03-03,1
CUST0414,Customer_0414,18-25,Female,West,Mumbai,2023-06-29,0
CUST0415,Customer_0415,26-35,Other,Central,Gwalior,2023-06-09,0
CUST0416,Customer_0416,36-45,Female,South,Bangalore,2023-05-16,0
CUST0417,Customer_0417,26-35,Male,North,Delhi,2023-03-17,1
CUST0418,Customer_0418,18-25,Male,West,Mumbai,2023-06-23,1
CUST0419,Customer_0419,55+,Other,South,Kochi,2023-02-11,0
CUST0420,Customer_0420,18-25,Male,East,Bhubaneswar,2023-03-15,1
CUST0421,Customer_0421,26-35,Female,West,Nagpur,2023-06-02,0
CUST0422,Customer_0422,55+,Male,North,Delhi,2023-04-24,0
CUST0423,Customer_0423,55+,Male,West,Surat,2023-03-10,0
CUST0424,Customer_0424,26-35,Male,West,Surat,2023-04-09,0
CUST0425,Customer_0425,46-55,Male,West,Surat,2023-01-23,0
CUST0426,Customer_0426,26-35,Male,West,Pune,2023-06-19,0
CUST0427,Customer_0427,46-55,Male,East,Bhubaneswar,2023-05-19,0
CUST0428,Customer_0428,26-35,Male,Central,Gwalior,2023-01-02,1
CUST0429,Customer_0429,26-35,Female,Central,Bhopal,2023-01-31,1
CUST0430,Customer_0430,55+,Male,South,Chennai,2023-05-11,1
CUST0431,Customer_0431,55+,Male,North,Delhi,2023-03-28,1
CUST0432,Customer_0432,55+,Female,East,Patna,2023-01-25,0
CUST0433,Customer_0433,46-55,Male,East,Ranchi,2023-03-31,0
CUST0434,Customer_0434,18-25,Female,North,Lucknow,2023-03-15,1
CUST0435,Customer_0435,55+,Male,North,Amritsar,2023-02-26,0
CUST0436,Customer_0436,18-25,Female,West,Surat,2023-01-09,0
CUST0437,Customer_0437,26-35,Female,East,Guwahati,2023-05-21,0
CUST0438,Customer_0438,46-55,Female,West,Surat,2023-03-22,0
CUST0439,Customer_0439,26-35,Female,South,Bangalore,2023-04-15,0
CUST0440,Customer_0440,55+,Female,North,Delhi,2023-03-25,1
CUST0441,Customer_0441,36-45,Female,North,Chandigarh,2023-03-11,0
CUST0442,Customer_0442,26-35,Female,West,Pune,2023-05-04,1
CUST0443,Customer_0443,55+,Male,South,Coimbatore,2023-06-08,0
CUST0444,Customer_0444,26-35,Male,North,Lucknow,2023-05-16,0
CUST0445,Customer_0445,18-25,Male,Central,Gwalior,2023-01-13,1
CUST0446,Customer_0446,36-45,Male,West,Surat,2023-03-02,1
CUST0447,Customer_0447,26-35,Female,West,Pune,2023-02-02,0
CUST0448,Customer_0448,46-55,Female,West,Surat,2023-02-26,0
CUST0449,Customer_0449,36-45,Female,North,Amritsar,2023-04-04,0
CUST0450,Customer_0450,46-55,Female,East,Guwahati,2023-04-26,0
CUST0451,Customer_0451,36-45,Female,West,Surat,2023-01-18,0
CUST0452,Customer_0452,36-45,Male,East,Patna,2023-04-11,0
CUST0453,Customer_0453,26-35,Female,East,Patna,2023-03-20,0
CUST0454,Customer_0454,26-35,Female,North,Chandigarh,2023-01-06,1
CUST0455,Customer_0455,46-55,Male,South,Kochi,2023-04-13,0
CUST0456,Customer_0456,46-55,Male,North,Lucknow,2023-04-07,0
CUST0457,Customer_0457,26-35,Male,Central,Jabalpur,2023-06-08,1
CUST0458,Customer_0458,55+,Female,West,Pune,2023-01-30,1
CUST0459,Customer_0459,55+,Male,West,Surat,2023-03-19,0
CUST0460,Customer_0460,55+,Male,West,Nagpur,2023-01-03,1
CUST0461,Customer_0461,36-45,Male,North,Chandigarh,2023-04-20,0
CUST0462,Customer_0462,46-55,Female,North,Delhi,2023-05-17,0
CUST0463,Customer_0463,36-45,Female,West,Ahmedabad,2023-06-04,0
CUST0464,Customer_0464,18-25,Male,South,Coimbatore,2023-01-28,0
CUST0465,Customer_0465,46-55,Female,West,Surat,2023-02-12,1
CUST0466,Customer_0466,55+,Female,North,Lucknow,2023-05-26,0
CUST0467,Customer_0467,55+,Female,East,Ranchi,2023-02-21,1
CUST0468,Customer_0468,18-25,Male,Central,Gwalior,2023-03-03,1
CUST0469,Customer_0469,18-25,Male,Central,Raipur,2023-01-15,0
CUST0470,Customer_0470,55+,Male,East,Bhubaneswar,2023-04-25,1
CUST0471,Customer_0471,36-45,Male,West,Nagpur,2023-06-28,0
CUST0472,Customer_0472,18-25,Male,North,Chandigarh,2023-02-11,1
CUST0473,Customer_0473,18-25,Female,North,Delhi,2023-05-29,0
CUST0474,Customer_0474,26-35,Male,West,Ahmedabad,2023-05-20,0
CUST0475,Customer_0475,46-55,Male,Central,Raipur,2023-06-23,0
CUST0476,Customer_0476,46-55,Female,Central,Indore,2023-01-04,0
CUST0477,Customer_0477,46-55,Female,South,Coimbatore,2023-01-06,0
CUST0478,Customer_0478,26-35,Male,West,Ahmedabad,2023-03-14,0
CUST0479,Customer_0479,26-35,Female,West,Surat,2023-05-18,1
CUST0480,Customer_0480,36-45,Male,Central,Raipur,2023-01-10,0
CUST0481,Customer_0481,18-25,Female,North,Chandigarh,2023-03-24,1
CUST0482,Customer_0482,26-35,Female,South,Bangalore,2023-05-10,1
CUST0483,Customer_0483,55+,Female,South,Chennai,2023-05-05,1
CUST0484,Customer_0484,55+,Female,East,Bhubaneswar,2023-04-02,1
CUST0485,Customer_0485,46-55,Female,South,Hyderabad,2023-05-27,0
CUST0486,Customer_0486,36-45,Male,North,Amritsar,2023-06-24,0
CUST0487,Customer_0487,26-35,Female,North,Amritsar,2023-01-13,0
CUST0488,Customer_0488,46-55,Female,North,Delhi,2023-02-15,1
CUST0489,Customer_0489,46-55,Female,South,Hyderabad,2023-01-04,1
CUST0490,Customer_0490,46-55,Female,Central,Raipur,2023-05-16,1
CUST0491,Customer_0491,18-25,Female,North,Delhi,2023-01-30,1
CUST0492,Customer_0492,36-45,Female,North,Amritsar,2023-04-27,0
CUST0493,Customer_0493,18-25,Female,West,Pune,2023-03-01,1
CUST0494,Customer_0494,26-35,Male,South,Kochi,2023-04-05,1
CUST0495,Customer_0495,46-55,Female,West,Ahmedabad,2023-04-17,0
CUST0496,Customer_0496,26-35,Female,Central,Jabalpur,2023-05-18,0
CUST0497,Customer_0497,36-45,Male,West,Surat,2023-02-12,0
CUST0498,Customer_0498,26-35,Female,South,Kochi,2023-06-18,1
CUST0499,Customer_0499,46-55,Male,West,Pune,2023-04-16,0
CUST0500,Customer_0500,46-55,Male,East,Guwahati,2023-02-22,1
CUST0501,Customer_0501,46-55,Male,West,Ahmedabad,2023-04-28,0
CUST0502,Customer_0502,18-25,Female,West,Surat,2023-04-26,1
CUST0503,Customer_0503,55+,Female,East,Patna,2023-03-27,0
CUST0504,Customer_0504,26-35,Female,South,Bangalore,2023-02-26,1
CUST0505,Customer_0505,36-45,Female,West,Mumbai,2023-03-09,0
CUST0506,Customer_0506,36-45,Female,North,Jaipur,2023-01-31,0
CUST0507,Customer_0507,55+,Female,West,Surat,2023-03-11,0
CUST0508,Customer_0508,18-25,Female,North,Chandigarh,2023-01-31,0
CUST0509,Customer_0509,18-25,Male,East,Bhubaneswar,2023-04-12,1
CUST0510,Customer_0510,18-25,Female,South,Chennai,2023-05-15,0
CUST0511,Customer_0511,18-25,Female,South,Coimbatore,2023-02-25,1
CUST0512,Customer_0512,36-45,Male,East,Kolkata,2023-05-25,0
CUST0513,Customer_0513,46-55,Female,North,Lucknow,2023-04-04,0
CUST0514,Customer_0514,18-25,Male,West,Ahmedabad,2023-03-16,1
CUST0515,Customer_0515,36-45,Male,East,Patna,2023-03-12,0
CUST0516,Customer_0516,26-35,Female,South,Coimbatore,2023-01-29,1
CUST0517,Customer_0517,36-45,Female,North,Amritsar,2023-06-21,0
CUST0518,Customer_0518,36-45,Male,East,Kolkata,2023-02-09,1
CUST0519,Customer_0519,36-45,Female,East,Guwahati,2023-06-18,1
CUST0520,Customer_0520,26-35,Male,West,Surat,2023-05-07,0
CUST0521,Customer_0521,18-25,Female,North,Lucknow,2023-06-06,0
CUST0522,Customer_0522,18-25,Male,East,Ranchi,2023-02-19,1
CUST0523,Customer_0523,55+,Female,West,Nagpur,2023-05-25,0
CUST0524,Customer_0524,26-35,Other,North,Chandigarh,2023-04-14,0
CUST0525,Customer_0525,36-45,Female,South,Hyderabad,2023-02-05,1
CUST0526,Customer_0526,46-55,Female,Central,Raipur,2023-04-28,1
CUST0527,Customer_0527,18-25,Female,South,Hyderabad,2023-02-25,0
CUST0528,Customer_0528,18-25,Male,North,Lucknow,2023-02-19,0
CUST0529,Customer_0529,36-45,Male,West,Ahmedabad,2023-05-14,0
CUST0530,Customer_0530,26-35,Male,North,Delhi,2023-04-01,1
CUST0531,Customer_0531,46-55,Male,South,Coimbatore,2023-05-30,0
CUST0532,Customer_0532,36-45,Female,East,Patna,2023-03-22,0
CUST0533,Customer_0533,55+,Male,West,Ahmedabad,2023-05-06,0
CUST0534,Customer_0534,26-35,Male,North,Lucknow,2023-03-10,1
CUST0535,Customer_0535,46-55,Male,East,Bhubaneswar,2023-04-03,0
CUST0536,Customer_0536,26-35,Female,North,Chandigarh,2023-05-05,0
CUST0537,Customer_0537,55+,Male,South,Chennai,2023-05-13,1
CUST0538,Customer_0538,46-55,Male,South,Hyderabad,2023-02-06,1
CUST0539,Customer_0539,18-25,Male,West,Nagpur,2023-02-13,0
CUST0540,Customer_0540,46-55,Female,North,Jaipur,2023-01-30,1
CUST0541,Customer_0541,26-35,Female,South,Kochi,2023-04-26,1
CUST0542,Customer_0542,18-25,Female,South,Kochi,2023-06-07,1
CUST0543,Customer_0543,55+,Male,South,Coimbatore,2023-06-19,1
CUST0544,Customer_0544,36-45,Male,South,Kochi,2023-02-18,0
CUST0545,Customer_0545,46-55,Male,South,Bangalore,2023-03-07,1
CUST0546,Customer_0546,46-55,Male,East,Kolkata,2023-05-26,0
CUST0547,Customer_0547,55+,Female,West,Pune,2023-05-17,0
CUST0548,Customer_0548,26-35,Female,West,Ahmedabad,2023-06-19,0
CUST0549,Customer_0549,18-25,Male,West,Pune,2023-03-30,1
CUST0550,Customer_0550,36-45,Female,Central,Jabalpur,2023-05-21,0
CUST0551,Customer_0551,26-35,Male,West,Nagpur,2023-05-15,1
CUST0552,Customer_0552,55+,Other,North,Amritsar,2023-01-25,1
CUST0553,Customer_0553,26-35,Male,West,Pune,2023-06-21,0
CUST0554,Customer_0554,36-45,Male,South,Hyderabad,2023-05-13,1
CUST0555,Customer_0555,26-35,Female,West,Ahmedabad,2023-04-09,0
CUST0556,Customer_0556,18-25,Male,West,Ahmedabad,2023-01-17,0
CUST0557,Customer_0557,46-55,Male,West,Surat,2023-05-11,0
CUST0558,Customer_0558,18-25,Female,West,Ahmedabad,2023-02-27,1
CUST0559,Customer_0559,46-55,Male,West,Surat,2023-02-12,0
CUST0560,Customer_0560,26-35,Female,South,Coimbatore,2023-06-23,1
CUST0561,Customer_0561,26-35,Female,North,Delhi,2023-02-13,1
CUST0562,Customer_0562,55+,Male,South,Bangalore,2023-04-09,1
CUST0563,Customer_0563,26-35,Other,East,Guwahati,2023-05-05,0
CUST0564,Customer_0564,46-55,Female,East,Guwahati,2023-02-09,0
CUST0565,Customer_0565,26-35,Male,West,Nagpur,2023-06-19,0
CUST0566,Customer_0566,55+,Female,North,Delhi,2023-06-24,1
CUST0567,Customer_0567,36-45,Female,South,Hyderabad,2023-05-06,0
CUST0568,Customer_0568,18-25,Male,West,Surat,2023-05-23,0
CUST0569,Customer_0569,18-25,Female,South,Hyderabad,2023-06-22,0
CUST0570,Customer_0570,55+,Male,North,Amritsar,2023-03-19,1
CUST0571,Customer_0571,36-45,Male,South,Hyderabad,2023-01-28,0
CUST0572,Customer_0572,55+,Male,North,Lucknow,2023-02-20,1
CUST0573,Customer_0573,18-25,Male,Central,Jabalpur,2023-01-28,0
CUST0574,Customer_0574,18-25,Female,Central,Jabalpur,2023-01-15,0
CUST0575,Customer_0575,26-35,Male,East,Kolkata,2023-01-17,0
CUST0576,Customer_0576,36-45,Male,West,Mumbai,2023-06-22,0
CUST0577,Customer_0577,36-45,Other,West,Pune,2023-05-23,1
CUST0578,Customer_0578,26-35,Male,North,Chandigarh,2023-01-11,0
CUST0579,Customer_0579,46-55,Female,South,Coimbatore,2023-05-30,1
CUST0580,Customer_0580,46-55,Female,North,Delhi,2023-03-14,0
CUST0581,Customer_0581,46-55,Female,West,Ahmedabad,2023-02-09,0
CUST0582,Customer_0582,36-45,Male,South,Hyderabad,2023-06-12,1
CUST0583,Customer_0583,18-25,Female,West,Nagpur,2023-01-29,1
CUST0584,Customer_0584,18-25,Male,South,Chennai,2023-03-08,1
CUST0585,Customer_0585,26-35,Female,South,Kochi,2023-06-19,1
CUST0586,Customer_0586,26-35,Female,North,Lucknow,2023-06-17,1
CUST0587,Customer_0587,55+,Male,West,Mumbai,2023-03-19,0
CUST0588,Customer_0588,46-55,Female,South,Coimbatore,2023-06-22,0
CUST0589,Customer_0589,18-25,Female,North,Jaipur,2023-01-19,0
CUST0590,Customer_0590,36-45,Female,South,Hyderabad,2023-02-07,0
CUST0591,Customer_0591,18-25,Male,North,Lucknow,2023-04-29,0
CUST0592,Customer_0592,36-45,Male,East,Guwahati,2023-02-10,1
CUST0593,Customer_0593,46-55,Male,Central,Indore,2023-05-23,1
CUST0594,Customer_0594,26-35,Male,North,Delhi,2023-02-05,1
CUST0595,Customer_0595,26-35,Male,West,Mumbai,2023-02-28,0
CUST0596,Customer_0596,26-35,Male,West,Ahmedabad,2023-02-12,1
CUST0597,Customer_0597,55+,Female,South,Hyderabad,2023-06-13,1
CUST0598,Customer_0598,36-45,Female,East,Ranchi,2023-01-28,0
CUST0599,Customer_0599,36-45,Male,Central,Indore,2023-05-21,0
CUST0600,Customer_0600,36-45,Female,East,Patna,2023-03-06,0
CUST0601,Customer_0601,36-45,Female,East,Guwahati,2023-04-11,1
CUST0602,Customer_0602,26-35,Female,West,Surat,2023-06-15,1
CUST0603,Customer_0603,46-55,Female,North,Delhi,2023-06-25,0
CUST0604,Customer_0604,18-25,Female,West,Surat,2023-03-14,0
CUST0605,Customer_0605,46-55,Female,West,Mumbai,2023-03-13,1
CUST0606,Customer_0606,46-55,Other,East,Guwahati,2023-02-03,0
CUST0607,Customer_0607,26-35,Other,West,Ahmedabad,2023-05-13,1
CUST0608,Customer_0608,46-55,Female,East,Ranchi,2023-02-28,0
CUST0609,Customer_0609,36-45,Male,West,Ahmedabad,2023-06-12,0
CUST0610,Customer_0610,46-55,Female,Central,Gwalior,2023-03-08,0
CUST0611,Customer_0611,18-25,Male,South,Chennai,2023-03-19,1
CUST0612,Customer_0612,46-55,Male,South,Chennai,2023-04-28,0
CUST0613,Customer_0613,55+,Other,North,Lucknow,2023-06-23,0
CUST0614,Customer_0614,18-25,Female,North,Chandigarh,2023-04-19,0
CUST0615,Customer_0615,36-45,Male,East,Kolkata,2023-02-25,0
CUST0616,Customer_0616,36-45,Female,South,Kochi,2023-03-20,0
CUST0617,Customer_0617,55+,Female,West,Mumbai,2023-01-21,0
CUST0618,Customer_0618,46-55,Male,East,Guwahati,2023-06-27,0
CUST0619,Customer_0619,55+,Male,West,Surat,2023-01-17,1
CUST0620,Customer_0620,46-55,Male,South,Hyderabad,2023-04-26,0
CUST0621,Customer_0621,46-55,Male,North,Chandigarh,2023-06-19,1
CUST0622,Customer_0622,55+,Female,South,Bangalore,2023-04-10,0
CUST0623,Customer_0623,18-25,Male,South,Chennai,2023-04-15,0
CUST0624,Customer_0624,55+,Female,South,Bangalore,2023-06-24,0
CUST0625,Customer_0625,18-25,Female,North,Delhi,2023-05-12,0
CUST0626,Customer_0626,18-25,Male,North,Lucknow,2023-04-13,1
CUST0627,Customer_0627,26-35,Male,East,Kolkata,2023-05-06,0
CUST0628,Customer_0628,26-35,Male,North,Jaipur,2023-01-08,1
CUST0629,Customer_0629,18-25,Male,Central,Gwalior,2023-05-06,1
CUST0630,Customer_0630,26-35,Female,North,Lucknow,2023-06-01,0
CUST0631,Customer_0631,36-45,Male,East,Patna,2023-03-12,1
CUST0632,Customer_0632,46-55,Female,West,Surat,2023-06-01,0
CUST0633,Customer_0633,36-45,Male,East,Kolkata,2023-03-12,0
CUST0634,Customer_0634,26-35,Male,North,Amritsar,2023-05-09,0
CUST0635,Customer_0635,55+,Male,South,Hyderabad,2023-01-21,0
CUST0636,Customer_0636,26-35,Female,North,Lucknow,2023-02-13,1
CUST0637,Customer_0637,26-35,Male,North,Jaipur,2023-03-27,1
CUST0638,Customer_0638,26-35,Male,South,Coimbatore,2023-03-03,1
CUST0639,Customer_0639,36-45,Male,East,Kolkata,2023-04-17,1
CUST0640,Customer_0640,26-35,Male,Central,Raipur,2023-02-25,1
CUST0641,Customer_0641,36-45,Male,West,Mumbai,2023-05-27,0
CUST0642,Customer_0642,26-35,Male,South,Kochi,2023-03-09,1
CUST0643,Customer_0643,26-35,Male,North,Lucknow,2023-05-26,0
CUST0644,Customer_0644,55+,Female,East,Patna,2023-03-01,0
CUST0645,Customer_0645,26-35,Male,North,Chandigarh,2023-06-07,0
CUST0646,Customer_0646,36-45,Female,East,Guwahati,2023-06-15,1
CUST0647,Customer_0647,55+,Male,South,Kochi,2023-01-12,0
CUST0648,Customer_0648,46-55,Male,West,Ahmedabad,2023-06-27,0
CUST0649,Customer_0649,55+,Male,North,Jaipur,2023-02-04,0
CUST0650,Customer_0650,36-45,Male,North,Amritsar,2023-02-19,0
CUST0651,Customer_0651,18-25,Female,North,Chandigarh,2023-02-15,0
CUST0652,Customer_0652,26-35,Female,East,Patna,2023-02-18,0
CUST0653,Customer_0653,18-25,Male,West,Pune,2023-03-20,1
CUST0654,Customer_0654,36-45,Male,South,Hyderabad,2023-02-22,0
CUST0655,Customer_0655,26-35,Female,South,Bangalore,2023-03-23,1
CUST0656,Customer_0656,26-35,Male,North,Chandigarh,2023-03-09,1
CUST0657,Customer_0657,36-45,Female,North,Amritsar,2023-01-05,1
CUST0658,Customer_0658,36-45,Male,West,Nagpur,2023-03-29,0
CUST0659,Customer_0659,55+,Male,West,Nagpur,2023-05-22,1
CUST0660,Customer_0660,36-45,Male,North,Chandigarh,2023-05-29,0
CUST0661,Customer_0661,46-55,Female,South,Chennai,2023-03-26,1
CUST0662,Customer_0662,55+,Female,South,Kochi,2023-03-26,0
CUST0663,Customer_0663,46-55,Male,North,Chandigarh,2023-06-29,0
CUST0664,Customer_0664,18-25,Male,Central,Raipur,2023-01-31,0
CUST0665,Customer_0665,55+,Male,West,Pune,2023-04-26,1
CUST0666,Customer_0666,55+,Male,North,Jaipur,2023-02-13,0
CUST0667,Customer_0667,46-55,Female,West,Surat,2023-05-23,1
CUST0668,Customer_0668,55+,Other,West,Pune,2023-04-29,1
CUST0669,Customer_0669,36-45,Female,North,Jaipur,2023-02-14,0
CUST0670,Customer_0670,55+,Male,North,Amritsar,2023-01-15,0
CUST0671,Customer_0671,46-55,Male,South,Kochi,2023-06-20,1
CUST0672,Customer_0672,26-35,Female,West,Nagpur,2023-03-24,1
CUST0673,Customer_0673,46-55,Female,East,Bhubaneswar,2023-05-01,0
CUST0674,Customer_0674,46-55,Other,South,Coimbatore,2023-03-25,0
CUST0675,Customer_0675,36-45,Female,North,Jaipur,2023-01-21,0
CUST0676,Customer_0676,18-25,Male,South,Bangalore,2023-06-08,0
CUST0677,Customer_0677,18-25,Female,East,Kolkata,2023-04-18,1
CUST0678,Customer_0678,55+,Female,South,Hyderabad,2023-02-14,0
CUST0679,Customer_0679,55+,Female,East,Patna,2023-02-09,0
CUST0680,Customer_0680,18-25,Female,South,Hyderabad,2023-05-17,0
CUST0681,Customer_0681,36-45,Female,East,Patna,2023-04-01,0
CUST0682,Customer_0682,36-45,Female,West,Ahmedabad,2023-05-20,0
CUST0683,Customer_0683,18-25,Female,West,Ahmedabad,2023-04-16,0
CUST0684,Customer_0684,55+,Female,East,Kolkata,2023-04-06,0
CUST0685,Customer_0685,36-45,Female,South,Coimbatore,2023-01-09,0
CUST0686,Customer_0686,46-55,Male,Central,Bhopal,2023-06-18,0
CUST0687,Customer_0687,36-45,Female,East,Guwahati,2023-04-23,0
CUST0688,Customer_0688,26-35,Male,North,Jaipur,2023-03-08,0
CUST0689,Customer_0689,36-45,Female,West,Pune,2023-02-06,1
CUST0690,Customer_0690,46-55,Male,West,Mumbai,2023-02-23,1
CUST0691,Customer_0691,26-35,Male,North,Jaipur,2023-06-07,1
CUST0692,Customer_0692,26-35,Female,West,Nagpur,2023-05-22,1
CUST0693,Customer_0693,55+,Female,South,Chennai,2023-02-11,0
CUST0694,Customer_0694,18-25,Male,North,Delhi,2023-01-02,1
CUST0695,Customer_0695,26-35,Female,Central,Raipur,2023-04-10,1
CUST0696,Customer_0696,55+,Male,West,Mumbai,2023-02-03,0
CUST0697,Customer_0697,46-55,Male,North,Jaipur,2023-01-23,1
CUST0698,Customer_0698,18-25,Male,North,Chandigarh,2023-02-28,1
CUST0699,Customer_0699,26-35,Male,South,Hyderabad,2023-04-28,1
CUST0700,Customer_0700,26-35,Male,Central,Gwalior,2023-01-21,1
CUST0701,Customer_0701,36-45,Male,Central,Bhopal,2023-05-31,1
CUST0702,Customer_0702,46-55,Male,North,Lucknow,2023-01-11,0
CUST0703,Customer_0703,26-35,Female,Central,Gwalior,2023-04-07,1
CUST0704,Customer_0704,36-45,Female,South,Bangalore,2023-06-25,0
CUST0705,Customer_0705,18-25,Male,South,Hyderabad,2023-02-20,1
CUST0706,Customer_0706,26-35,Male,Central,Raipur,2023-04-29,1
CUST0707,Customer_0707,36-45,Female,North,Delhi,2023-01-31,1
CUST0708,Customer_0708,55+,Male,North,Lucknow,2023-03-09,0
CUST0709,Customer_0709,18-25,Male,South,Coimbatore,2023-02-13,0
CUST0710,Customer_0710,36-45,Male,North,Chandigarh,2023-02-07,0
CUST0711,Customer_0711,55+,Male,North,Delhi,2023-05-19,0
CUST0712,Customer_0712,18-25,Male,South,Hyderabad,2023-03-02,1
CUST0713,Customer_0713,55+,Male,Central,Bhopal,2023-02-17,1
CUST0714,Customer_0714,26-35,Male,East,Guwahati,2023-03-04,0
CUST0715,Customer_0715,18-25,Male,West,Pune,2023-04-12,1
CUST0716,Customer_0716,18-25,Other,West,Nagpur,2023-01-02,0
CUST0717,Customer_0717,36-45,Male,North,Amritsar,2023-03-22,1
CUST0718,Customer_0718,55+,Female,North,Amritsar,2023-06-28,0
CUST0719,Customer_0719,55+,Female,South,Kochi,2023-01-16,1
CUST0720,Customer_0720,36-45,Female,East,Ranchi,2023-01-08,0
CUST0721,Customer_0721,26-35,Female,Central,Raipur,2023-05-20,1
CUST0722,Customer_0722,46-55,Female,West,Mumbai,2023-04-04,0
CUST0723,Customer_0723,36-45,Female,North,Chandigarh,2023-03-26,1
CUST0724,Customer_0724,18-25,Female,North,Chandigarh,2023-02-23,0
CUST0725,Customer_0725,46-55,Female,West,Mumbai,2023-04-04,0
CUST0726,Customer_0726,46-55,Male,East,Ranchi,2023-03-03,0
CUST0727,Customer_0727,46-55,Female,East,Guwahati,2023-05-26,1
CUST0728,Customer_0728,26-35,Male,South,Hyderabad,2023-03-16,1
CUST0729,Customer_0729,26-35,Male,East,Bhubaneswar,2023-03-22,1
CUST0730,Customer_0730,46-55,Male,North,Chandigarh,2023-02-14,1
CUST0731,Customer_0731,36-45,Male,South,Chennai,2023-04-01,0
CUST0732,Customer_0732,18-25,Male,North,Lucknow,2023-02-27,0
CUST0733,Customer_0733,26-35,Female,South,Kochi,2023-02-18,0
CUST0734,Customer_0734,36-45,Male,North,Jaipur,2023-06-28,1
CUST0735,Customer_0735,55+,Male,South,Hyderabad,2023-01-31,0
CUST0736,Customer_0736,26-35,Female,West,Mumbai,2023-03-13,1
CUST0737,Customer_0737,55+,Male,East,Ranchi,2023-01-27,1
CUST0738,Customer_0738,46-55,Male,South,Kochi,2023-05-07,0
CUST0739,Customer_0739,18-25,Female,West,Surat,2023-06-30,0
CUST0740,Customer_0740,46-55,Male,Central,Bhopal,2023-04-28,0
CUST0741,Customer_0741,36-45,Male,East,Bhubaneswar,2023-02-25,0
CUST0742,Customer_0742,26-35,Male,East,Ranchi,2023-03-30,1
CUST0743,Customer_0743,36-45,Male,West,Ahmedabad,2023-02-23,0
CUST0744,Customer_0744,26-35,Female,South,Bangalore,2023-04-29,0
CUST0745,Customer_0745,46-55,Male,Central,Gwalior,2023-06-19,0
CUST0746,Customer_0746,36-45,Female,Central,Indore,2023-01-07,0
CUST0747,Customer_0747,26-35,Male,East,Ranchi,2023-05-21,1
CUST0748,Customer_0748,55+,Female,East,Patna,2023-01-27,1
CUST0749,Customer_0749,36-45,Male,East,Kolkata,2023-01-26,1
CUST0750,Customer_0750,18-25,Male,South,Hyderabad,2023-01-22,0
CUST0751,Customer_0751,36-45,Male,East,Ranchi,2023-03-26,0
CUST0752,Customer_0752,36-45,Male,East,Bhubaneswar,2023-06-11,0
CUST0753,Customer_0753,46-55,Male,Central,Jabalpur,2023-01-22,1
CUST0754,Customer_0754,36-45,Male,North,Lucknow,2023-05-26,0
CUST0755,Customer_0755,18-25,Female,North,Jaipur,2023-01-14,0
CUST0756,Customer_0756,18-25,Male,West,Ahmedabad,2023-04-03,0
CUST0757,Customer_0757,36-45,Female,North,Delhi,2023-05-29,1
CUST0758,Customer_0758,18-25,Female,North,Jaipur,2023-06-15,0
CUST0759,Customer_0759,46-55,Male,West,Ahmedabad,2023-02-15,0
CUST0760,Customer_0760,36-45,Female,South,Kochi,2023-03-29,1
CUST0761,Customer_0761,46-55,Female,West,Mumbai,2023-04-22,0
CUST0762,Customer_0762,55+,Male,North,Delhi,2023-04-07,0
CUST0763,Customer_0763,18-25,Female,South,Hyderabad,2023-02-11,0
CUST0764,Customer_0764,36-45,Male,North,Lucknow,2023-06-23,1
CUST0765,Customer_0765,46-55,Female,West,Ahmedabad,2023-06-26,0
CUST0766,Customer_0766,26-35,Male,West,Ahmedabad,2023-01-18,1
CUST0767,Customer_0767,36-45,Male,North,Chandigarh,2023-05-22,0
CUST0768,Customer_0768,36-45,Female,North,Delhi,2023-06-21,0
CUST0769,Customer_0769,46-55,Male,West,Ahmedabad,2023-02-15,0
CUST0770,Customer_0770,26-35,Female,North,Jaipur,2023-03-17,1
CUST0771,Customer_0771,26-35,Other,South,Kochi,2023-01-05,1
CUST0772,Customer_0772,26-35,Male,South,Bangalore,2023-04-21,0
CUST0773,Customer_0773,18-25,Male,West,Nagpur,2023-03-23,0
CUST0774,Customer_0774,18-25,Female,South,Coimbatore,2023-03-01,0
CUST0775,Customer_0775,36-45,Female,West,Ahmedabad,2023-01-11,0
CUST0776,Customer_0776,18-25,Male,East,Ranchi,2023-02-13,1
CUST0777,Customer_0777,55+,Male,South,Coimbatore,2023-06-24,0
CUST0778,Customer_0778,55+,Male,North,Lucknow,2023-06-23,1
CUST0779,Customer_0779,36-45,Male,Central,Bhopal,2023-06-10,0
CUST0780,Customer_0780,26-35,Female,West,Pune,2023-02-28,0
CUST0781,Customer_0781,55+,Female,East,Bhubaneswar,2023-04-21,0
CUST0782,Customer_0782,46-55,Male,Central,Jabalpur,2023-06-21,0
CUST0783,Customer_0783,26-35,Female,East,Bhubaneswar,2023-04-19,1
CUST0784,Customer_0784,46-55,Other,North,Jaipur,2023-02-24,0
CUST0785,Customer_0785,26-35,Female,West,Mumbai,2023-01-21,0
CUST0786,Customer_0786,18-25,Male,West,Pune,2023-03-08,0
CUST0787,Customer_0787,46-55,Male,North,Lucknow,2023-04-01,0
CUST0788,Customer_0788,26-35,Male,Central,Gwalior,2023-03-30,0
CUST0789,Customer_0789,26-35,Other,North,Delhi,2023-04-17,0
CUST0790,Customer_0790,55+,Male,East,Patna,2023-02-08,0
CUST0791,Customer_0791,55+,Other,East,Patna,2023-04-27,1
CUST0792,Customer_0792,36-45,Male,North,Amritsar,2023-03-18,0
CUST0793,Customer_0793,55+,Male,East,Patna,2023-03-12,0
CUST0794,Customer_0794,18-25,Male,North,Jaipur,2023-06-15,0
CUST0795,Customer_0795,55+,Male,North,Jaipur,2023-02-09,0
CUST0796,Customer_0796,26-35,Male,East,Bhubaneswar,2023-05-28,0
CUST0797,Customer_0797,46-55,Female,South,Coimbatore,2023-04-10,0
CUST0798,Customer_0798,18-25,Male,South,Coimbatore,2023-01-15,1
CUST0799,Customer_0799,26-35,Male,East,Patna,2023-01-25,1
CUST0800,Customer_0800,26-35,Male,South,Kochi,2023-03-05,1
CUST0801,Customer_0801,55+,Female,Central,Gwalior,2023-02-15,0
CUST0802,Customer_0802,18-25,Male,North,Amritsar,2023-01-04,1
CUST0803,Customer_0803,55+,Male,North,Lucknow,2023-04-05,1
CUST0804,Customer_0804,26-35,Female,West,Pune,2023-03-29,0
CUST0805,Customer_0805,36-45,Male,North,Lucknow,2023-03-29,1
CUST0806,Customer_0806,18-25,Male,West,Nagpur,2023-03-02,0
CUST0807,Customer_0807,26-35,Female,South,Chennai,2023-03-24,0
CUST0808,Customer_0808,46-55,Female,South,Kochi,2023-03-17,0
CUST0809,Customer_0809,26-35,Male,West,Surat,2023-06-25,1
CUST0810,Customer_0810,55+,Female,North,Amritsar,2023-04-27,0
CUST0811,Customer_0811,26-35,Male,West,Surat,2023-05-19,1
CUST0812,Customer_0812,55+,Female,West,Mumbai,2023-04-11,1
CUST0813,Customer_0813,26-35,Female,North,Lucknow,2023-03-02,0
CUST0814,Customer_0814,26-35,Male,East,Patna,2023-06-07,1
CUST0815,Customer_0815,46-55,Male,East,Bhubaneswar,2023-05-16,0
CUST0816,Customer_0816,36-45,Male,West,Mumbai,2023-03-02,1
CUST0817,Customer_0817,26-35,Male,East,Patna,2023-06-24,0
CUST0818,Customer_0818,36-45,Female,South,Chennai,2023-01-08,1
CUST0819,Customer_0819,26-35,Male,North,Delhi,2023-06-14,1
CUST0820,Customer_0820,46-55,Female,East,Bhubaneswar,2023-04-11,1
CUST0821,Customer_0821,26-35,Male,South,Hyderabad,2023-06-04,0
CUST0822,Customer_0822,55+,Female,North,Jaipur,2023-06-21,0
CUST0823,Customer_0823,55+,Male,East,Ranchi,2023-01-17,0
CUST0824,Customer_0824,36-45,Male,East,Kolkata,2023-06-08,1
CUST0825,Customer_0825,46-55,Male,West,Pune,2023-05-27,0
CUST0826,Customer_0826,36-45,Female,North,Chandigarh,2023-02-12,0
CUST0827,Customer_0827,36-45,Male,West,Nagpur,2023-06-08,0
CUST0828,Customer_0828,55+,Female,North,Amritsar,2023-01-30,1
CUST0829,Customer_0829,36-45,Female,East,Bhubaneswar,2023-06-10,0
CUST0830,Customer_0830,46-55,Female,West,Nagpur,2023-05-09,0
CUST0831,Customer_0831,18-25,Male,West,Ahmedabad,2023-06-03,0
CUST0832,Customer_0832,46-55,Male,North,Jaipur,2023-02-07,1
CUST0833,Customer_0833,26-35,Female,West,Pune,2023-04-10,1
CUST0834,Customer_0834,55+,Male,South,Hyderabad,2023-01-10,0
CUST0835,Customer_0835,36-45,Female,North,Chandigarh,2023-02-27,0
CUST0836,Customer_0836,36-45,Male,West,Mumbai,2023-06-22,0
CUST0837,Customer_0837,18-25,Female,North,Lucknow,2023-01-25,0
CUST0838,Customer_0838,46-55,Male,South,Bangalore,2023-04-03,1
CUST0839,Customer_0839,36-45,Female,East,Patna,2023-06-30,0
CUST0840,Customer_0840,55+,Other,West,Pune,2023-03-20,0
CUST0841,Customer_0841,36-45,Male,West,Mumbai,2023-02-06,0
CUST0842,Customer_0842,55+,Male,North,Amritsar,2023-03-01,0
CUST0843,Customer_0843,46-55,Male,South,Hyderabad,2023-02-04,0
CUST0844,Customer_0844,26-35,Male,West,Mumbai,2023-04-15,1
CUST0845,Customer_0845,26-35,Female,South,Chennai,2023-06-13,1
CUST0846,Customer_0846,55+,Female,East,Patna,2023-02-21,1
CUST0847,Customer_0847,46-55,Male,South,Hyderabad,2023-04-16,1
CUST0848,Customer_0848,26-35,Female,West,Ahmedabad,2023-04-05,1
CUST0849,Customer_0849,26-35,Male,South,Bangalore,2023-05-21,0
CUST0850,Customer_0850,55+,Female,West,Surat,2023-01-08,1
CUST0851,Customer_0851,36-45,Female,West,Ahmedabad,2023-02-24,0
CUST0852,Customer_0852,26-35,Male,North,Lucknow,2023-06-15,1
CUST0853,Customer_0853,26-35,Male,East,Guwahati,2023-06-04,1
CUST0854,Customer_0854,26-35,Female,North,Jaipur,2023-06-30,1
CUST0855,Customer_0855,18-25,Female,North,Delhi,2023-04-29,1
CUST0856,Customer_0856,26-35,Male,East,Guwahati,2023-04-12,1
CUST0857,Customer_0857,18-25,Male,South,Chennai,2023-05-05,0
CUST0858,Customer_0858,26-35,Male,South,Kochi,2023-04-28,1
CUST0859,Customer_0859,46-55,Male,North,Jaipur,2023-05-16,1
CUST0860,Customer_0860,46-55,Male,South,Bangalore,2023-02-07,0
CUST0861,Customer_0861,18-25,Male,West,Ahmedabad,2023-05-18,0
CUST0862,Customer_0862,18-25,Male,East,Bhubaneswar,2023-03-31,1
CUST0863,Customer_0863,46-55,Male,North,Lucknow,2023-02-03,0
CUST0864,Customer_0864,46-55,Other,East,Ranchi,2023-01-29,1
CUST0865,Customer_0865,18-25,Male,South,Bangalore,2023-05-12,0
CUST0866,Customer_0866,26-35,Female,Central,Jabalpur,2023-03-23,0
CUST0867,Customer_0867,26-35,Male,East,Kolkata,2023-02-02,0
CUST0868,Customer_0868,55+,Female,West,Mumbai,2023-01-16,0
CUST0869,Customer_0869,26-35,Male,North,Chandigarh,2023-06-04,0
CUST0870,Customer_0870,46-55,Other,East,Ranchi,2023-03-31,0
CUST0871,Customer_0871,36-45,Male,West,Mumbai,2023-06-23,1
CUST0872,Customer_0872,46-55,Male,West,Mumbai,2023-04-19,0
CUST0873,Customer_0873,36-45,Male,South,Hyderabad,2023-03-07,1
CUST0874,Customer_0874,55+,Female,Central,Indore,2023-04-14,0
CUST0875,Customer_0875,18-25,Male,Central,Raipur,2023-05-05,1
CUST0876,Customer_0876,26-35,Female,North,Delhi,2023-02-04,1
CUST0877,Customer_0877,55+,Male,Central,Jabalpur,2023-02-20,1
CUST0878,Customer_0878,26-35,Male,North,Amritsar,2023-04-17,0
CUST0879,Customer_0879,55+,Female,South,Chennai,2023-06-16,0
CUST0880,Customer_0880,26-35,Female,North,Chandigarh,2023-06-07,1
CUST0881,Customer_0881,46-55,Other,West,Nagpur,2023-01-13,0
CUST0882,Customer_0882,55+,Male,South,Coimbatore,2023-05-22,1
CUST0883,Customer_0883,55+,Female,North,Lucknow,2023-06-16,0
CUST0884,Customer_0884,55+,Male,North,Delhi,2023-04-06,1
CUST0885,Customer_0885,36-45,Female,West,Mumbai,2023-04-01,0
CUST0886,Customer_0886,46-55,Female,South,Coimbatore,2023-05-04,0
CUST0887,Customer_0887,36-45,Female,West,Ahmedabad,2023-03-14,0
CUST0888,Customer_0888,26-35,Male,West,Surat,2023-06-23,1
CUST0889,Customer_0889,18-25,Male,North,Lucknow,2023-05-03,0
CUST0890,Customer_0890,26-35,Female,North,Chandigarh,2023-06-26,0
CUST0891,Customer_0891,26-35,Female,East,Bhubaneswar,2023-06-26,1
CUST0892,Customer_0892,46-55,Male,North,Amritsar,2023-02-20,0
CUST0893,Customer_0893,18-25,Male,South,Bangalore,2023-05-13,0
CUST0894,Customer_0894,26-35,Female,North,Delhi,2023-04-10,1
CUST0895,Customer_0895,36-45,Female,North,Lucknow,2023-05-16,0
CUST0896,Customer_0896,18-25,Female,West,Pune,2023-06-01,1
CUST0897,Customer_0897,55+,Female,South,Hyderabad,2023-06-02,0
CUST0898,Customer_0898,36-45,Male,North,Amritsar,2023-04-28,0
CUST0899,Customer_0899,55+,Male,North,Chandigarh,2023-01-30,0
CUST0900,Customer_0900,18-25,Male,North,Amritsar,2023-04-27,1
CUST0901,Customer_0901,46-55,Female,South,Coimbatore,2023-04-01,0
CUST0902,Customer_0902,26-35,Female,West,Ahmedabad,2023-03-23,1
CUST0903,Customer_0903,26-35,Male,West,Surat,2023-01-11,0
CUST0904,Customer_0904,36-45,Male,East,Patna,2023-01-22,0
CUST0905,Customer_0905,18-25,Male,South,Coimbatore,2023-03-17,1
CUST0906,Customer_0906,46-55,Male,North,Delhi,2023-06-29,1
CUST0907,Customer_0907,46-55,Male,South,Coimbatore,2023-06-05,1
CUST0908,Customer_0908,46-55,Female,South,Coimbatore,2023-04-21,1
CUST0909,Customer_0909,26-35,Male,West,Nagpur,2023-05-18,0
CUST0910,Customer_0910,46-55,Male,East,Guwahati,2023-03-12,0
CUST0911,Customer_0911,18-25,Female,East,Kolkata,2023-02-25,1
CUST0912,Customer_0912,26-35,Male,West,Mumbai,2023-06-18,0
CUST0913,Customer_0913,46-55,Other,North,Lucknow,2023-05-20,0
CUST0914,Customer_0914,36-45,Male,East,Patna,2023-06-25,1
CUST0915,Customer_0915,26-35,Female,Central,Raipur,2023-06-14,1
CUST0916,Customer_0916,36-45,Female,West,Surat,2023-02-06,1
CUST0917,Customer_0917,18-25,Male,South,Kochi,2023-03-27,1
CUST0918,Customer_0918,36-45,Male,West,Surat,2023-05-04,0
CUST0919,Customer_0919,55+,Female,West,Nagpur,2023-01-13,1
CUST0920,Customer_0920,36-45,Female,South,Coimbatore,2023-01-22,1
CUST0921,Customer_0921,36-45,Male,North,Chandigarh,2023-05-30,0
CUST0922,Customer_0922,26-35,Male,South,Chennai,2023-06-02,0
CUST0923,Customer_0923,18-25,Female,North,Lucknow,2023-06-07,1
CUST0924,Customer_0924,36-45,Male,East,Patna,2023-06-16,1
CUST0925,Customer_0925,55+,Male,Central,Jabalpur,2023-05-27,1
CUST0926,Customer_0926,46-55,Male,East,Kolkata,2023-06-07,0
CUST0927,Customer_0927,55+,Male,North,Chandigarh,2023-06-08,1
CUST0928,Customer_0928,46-55,Male,South,Bangalore,2023-05-30,1
CUST0929,Customer_0929,46-55,Male,South,Chennai,2023-01-25,1
CUST0930,Customer_0930,46-55,Female,Central,Indore,2023-04-05,1
CUST0931,Customer_0931,26-35,Male,South,Hyderabad,2023-06-03,0
CUST0932,Customer_0932,36-45,Male,West,Ahmedabad,2023-01-14,1
CUST0933,Customer_0933,26-35,Female,West,Pune,2023-03-27,1
CUST0934,Customer_0934,55+,Male,West,Ahmedabad,2023-02-01,0
CUST0935,Customer_0935,26-35,Male,North,Lucknow,2023-01-05,0
CUST0936,Customer_0936,36-45,Male,Central,Raipur,2023-05-24,0
CUST0937,Customer_0937,18-25,Female,South,Bangalore,2023-01-24,1
CUST0938,Customer_0938,26-35,Male,South,Kochi,2023-05-13,0
CUST0939,Customer_0939,46-55,Male,West,Mumbai,2023-06-20,1
CUST0940,Customer_0940,55+,Female,South,Coimbatore,2023-03-02,0
CUST0941,Customer_0941,55+,Female,North,Chandigarh,2023-05-21,0
CUST0942,Customer_0942,36-45,Female,East,Ranchi,2023-04-27,1
CUST0943,Customer_0943,26-35,Male,South,Hyderabad,2023-03-06,0
CUST0944,Customer_0944,55+,Male,North,Jaipur,2023-06-09,0
CUST0945,Customer_0945,26-35,Male,South,Coimbatore,2023-05-19,0
CUST0946,Customer_0946,26-35,Female,North,Jaipur,2023-06-28,1
CUST0947,Customer_0947,46-55,Female,West,Nagpur,2023-06-22,0
CUST0948,Customer_0948,46-55,Male,South,Kochi,2023-04-05,1
CUST0949,Customer_0949,18-25,Male,South,Coimbatore,2023-02-19,0
CUST0950,Customer_0950,55+,Female,East,Kolkata,2023-03-22,0
CUST0951,Customer_0951,36-45,Male,South,Bangalore,2023-05-17,0
CUST0952,Customer_0952,55+,Female,East,Bhubaneswar,2023-04-13,1
CUST0953,Customer_0953,36-45,Male,North,Amritsar,2023-01-11,0
CUST0954,Customer_0954,46-55,Female,North,Lucknow,2023-05-10,0
CUST0955,Customer_0955,26-35,Female,South,Hyderabad,2023-06-26,0
CUST0956,Customer_0956,55+,Male,North,Lucknow,2023-04-13,1
CUST0957,Customer_0957,18-25,Male,Central,Gwalior,2023-05-31,0
CUST0958,Customer_0958,26-35,Male,South,Coimbatore,2023-05-19,1
CUST0959,Customer_0959,55+,Female,Central,Bhopal,2023-01-30,0
CUST0960,Customer_0960,55+,Male,West,Mumbai,2023-03-01,0
CUST0961,Customer_0961,26-35,Female,South,Coimbatore,2023-05-28,0
CUST0962,Customer_0962,36-45,Female,South,Kochi,2023-03-12,0
CUST0963,Customer_0963,46-55,Male,South,Coimbatore,2023-03-17,1
CUST0964,Customer_0964,18-25,Other,South,Chennai,2023-01-26,1
CUST0965,Customer_0965,46-55,Male,West,Ahmedabad,2023-02-05,1
CUST0966,Customer_0966,18-25,Female,Central,Indore,2023-06-27,0
CUST0967,Customer_0967,55+,Male,East,Guwahati,2023-06-30,0
CUST0968,Customer_0968,26-35,Other,East,Bhubaneswar,2023-06-26,0
CUST0969,Customer_0969,46-55,Male,West,Mumbai,2023-03-18,1
CUST0970,Customer_0970,55+,Male,South,Hyderabad,2023-01-20,0
CUST0971,Customer_0971,46-55,Female,North,Delhi,2023-02-25,0
CUST0972,Customer_0972,46-55,Female,West,Surat,2023-06-24,0
CUST0973,Customer_0973,18-25,Female,South,Chennai,2023-06-04,0
CUST0974,Customer_0974,55+,Female,West,Mumbai,2023-02-24,0
CUST0975,Customer_0975,36-45,Male,East,Kolkata,2023-04-29,1
CUST0976,Customer_0976,36-45,Female,South,Hyderabad,2023-05-18,1
CUST0977,Customer_0977,55+,Male,South,Kochi,2023-03-26,1
CUST0978,Customer_0978,55+,Male,South,Hyderabad,2023-01-24,0
CUST0979,Customer_0979,46-55,Male,East,Patna,2023-01-14,0
CUST0980,Customer_0980,55+,Female,West,Pune,2023-05-08,0
CUST0981,Customer_0981,26-35,Female,North,Jaipur,2023-01-15,0
CUST0982,Customer_0982,36-45,Female,North,Lucknow,2023-03-15,1
CUST0983,Customer_0983,36-45,Male,North,Lucknow,2023-06-22,1
CUST0984,Customer_0984,46-55,Male,North,Jaipur,2023-05-26,0
CUST0985,Customer_0985,18-25,Female,North,Delhi,2023-05-23,0
CUST0986,Customer_0986,18-25,Male,North,Jaipur,2023-02-27,1
CUST0987,Customer_0987,36-45,Female,East,Bhubaneswar,2023-05-20,1
CUST0988,Customer_0988,26-35,Male,West,Pune,2023-05-23,1
CUST0989,Customer_0989,36-45,Male,West,Ahmedabad,2023-04-14,0
CUST0990,Customer_0990,55+,Male,South,Kochi,2023-03-30,0
CUST0991,Customer_0991,46-55,Female,South,Hyderabad,2023-04-18,0
CUST0992,Customer_0992,36-45,Female,South,Coimbatore,2023-05-01,1
CUST0993,Customer_0993,46-55,Female,West,Nagpur,2023-02-23,1
CUST0994,Customer_0994,18-25,Female,Central,Raipur,2023-04-15,0
CUST0995,Customer_0995,36-45,Male,West,Nagpur,2023-04-08,0
CUST0996,Customer_0996,18-25,Male,West,Pune,2023-04-23,0
CUST0997,Customer_0997,26-35,Female,South,Bangalore,2023-03-12,0
CUST0998,Customer_0998,18-25,Male,North,Delhi,2023-06-21,0
CUST0999,Customer_0999,18-25,Female,West,Mumbai,2023-03-13,0
CUST1000,Customer_1000,26-35,Male,East,Ranchi,2023-01-19,1
CUST1001,Customer_1001,36-45,Male,East,Guwahati,2023-04-06,1
CUST1002,Customer_1002,46-55,Male,East,Kolkata,2023-06-27,0
CUST1003,Customer_1003,46-55,Female,Central,Bhopal,2023-02-01,0
CUST1004,Customer_1004,46-55,Female,West,Mumbai,2023-05-14,1
CUST1005,Customer_1005,55+,Female,Central,Jabalpur,2023-06-22,1
CUST1006,Customer_1006,55+,Male,North,Chandigarh,2023-05-31,0
CUST1007,Customer_1007,18-25,Female,North,Jaipur,2023-01-13,0
CUST1008,Customer_1008,26-35,Male,West,Ahmedabad,2023-04-15,1
CUST1009,Customer_1009,18-25,Male,West,Surat,2023-05-02,1
CUST1010,Customer_1010,55+,Male,West,Surat,2023-03-28,0
CUST1011,Customer_1011,55+,Female,East,Ranchi,2023-03-20,0
CUST1012,Customer_1012,46-55,Other,North,Jaipur,2023-03-21,0
CUST1013,Customer_1013,36-45,Female,West,Mumbai,2023-03-05,1
CUST1014,Customer_1014,18-25,Male,North,Amritsar,2023-01-05,0
CUST1015,Customer_1015,36-45,Female,West,Pune,2023-03-30,1
CUST1016,Customer_1016,46-55,Female,North,Amritsar,2023-02-17,0
CUST1017,Customer_1017,18-25,Male,North,Delhi,2023-02-16,0
CUST1018,Customer_1018,18-25,Male,West,Mumbai,2023-03-18,0
CUST1019,Customer_1019,26-35,Male,West,Pune,2023-01-19,1
CUST1020,Customer_1020,36-45,Female,West,Nagpur,2023-02-07,1
CUST1021,Customer_1021,26-35,Other,East,Bhubaneswar,2023-03-04,0
CUST1022,Customer_1022,55+,Male,East,Bhubaneswar,2023-02-24,1
CUST1023,Customer_1023,18-25,Male,West,Nagpur,2023-03-01,0
CUST1024,Customer_1024,26-35,Male,East,Ranchi,2023-02-01,0
CUST1025,Customer_1025,26-35,Male,East,Bhubaneswar,2023-01-19,1
CUST1026,Customer_1026,26-35,Male,South,Bangalore,2023-03-29,1
CUST1027,Customer_1027,26-35,Female,East,Bhubaneswar,2023-01-10,1
CUST1028,Customer_1028,18-25,Female,West,Ahmedabad,2023-02-09,0
CUST1029,Customer_1029,46-55,Female,North,Jaipur,2023-01-12,0
CUST1030,Customer_1030,46-55,Male,North,Amritsar,2023-04-19,1
CUST1031,Customer_1031,36-45,Male,East,Ranchi,2023-03-02,0
CUST1032,Customer_1032,55+,Male,West,Mumbai,2023-06-02,1
CUST1033,Customer_1033,26-35,Male,North,Amritsar,2023-05-26,1
CUST1034,Customer_1034,55+,Female,South,Coimbatore,2023-01-04,1
CUST1035,Customer_1035,36-45,Male,North,Delhi,2023-05-08,0
CUST1036,Customer_1036,26-35,Male,South,Hyderabad,2023-06-19,0
CUST1037,Customer_1037,18-25,Female,West,Mumbai,2023-03-11,1
CUST1038,Customer_1038,55+,Male,South,Chennai,2023-05-20,0
CUST1039,Customer_1039,18-25,Male,Central,Raipur,2023-03-11,0
CUST1040,Customer_1040,18-25,Male,West,Surat,2023-05-30,1
CUST1041,Customer_1041,36-45,Female,North,Lucknow,2023-01-12,0
CUST1042,Customer_1042,18-25,Female,North,Delhi,2023-04-12,0
CUST1043,Customer_1043,55+,Male,South,Bangalore,2023-01-11,0
CUST1044,Customer_1044,36-45,Other,South,Kochi,2023-04-27,0
CUST1045,Customer_1045,26-35,Male,West,Surat,2023-02-24,0
CUST1046,Customer_1046,18-25,Male,South,Kochi,2023-06-16,0
CUST1047,Customer_1047,55+,Male,North,Amritsar,2023-04-17,0
CUST1048,Customer_1048,36-45,Male,West,Mumbai,2023-05-16,0
CUST1049,Customer_1049,26-35,Male,West,Ahmedabad,2023-02-24,1
CUST1050,Customer_1050,36-45,Male,South,Bangalore,2023-01-13,0
CUST1051,Customer_1051,26-35,Male,Central,Raipur,2023-01-24,1
CUST1052,Customer_1052,18-25,Male,West,Surat,2023-06-25,1
CUST1053,Customer_1053,36-45,Male,West,Surat,2023-04-01,1
CUST1054,Customer_1054,26-35,Female,East,Bhubaneswar,2023-05-05,1
CUST1055,Customer_1055,55+,Male,South,Coimbatore,2023-01-04,0
CUST1056,Customer_1056,46-55,Male,North,Chandigarh,2023-04-18,0
CUST1057,Customer_1057,36-45,Female,Central,Raipur,2023-02-14,1
CUST1058,Customer_1058,26-35,Female,North,Amritsar,2023-01-31,1
CUST1059,Customer_1059,46-55,Male,West,Mumbai,2023-01-17,0
CUST1060,Customer_1060,36-45,Male,North,Jaipur,2023-04-13,0
CUST1061,Customer_1061,26-35,Female,North,Jaipur,2023-06-16,1
CUST1062,Customer_1062,46-55,Male,North,Lucknow,2023-06-23,0
CUST1063,Customer_1063,55+,Male,North,Amritsar,2023-01-17,0
CUST1064,Customer_1064,18-25,Male,East,Guwahati,2023-04-18,1
CUST1065,Customer_1065,18-25,Female,North,Chandigarh,2023-01-27,0
CUST1066,Customer_1066,26-35,Male,Central,Jabalpur,2023-05-31,0
CUST1067,Customer_1067,36-45,Male,South,Coimbatore,2023-01-28,0
CUST1068,Customer_1068,55+,Male,West,Surat,2023-03-04,0
CUST1069,Customer_1069,26-35,Male,West,Nagpur,2023-03-06,1
CUST1070,Customer_1070,46-55,Female,South,Coimbatore,2023-06-03,0
CUST1071,Customer_1071,55+,Female,North,Delhi,2023-01-26,0
CUST1072,Customer_1072,26-35,Other,Central,Gwalior,2023-06-07,0
CUST1073,Customer_1073,18-25,Female,West,Mumbai,2023-01-29,0
CUST1074,Customer_1074,18-25,Female,East,Ranchi,2023-01-26,0
CUST1075,Customer_1075,18-25,Male,South,Chennai,2023-03-01,1
CUST1076,Customer_1076,46-55,Female,South,Kochi,2023-05-15,0
CUST1077,Customer_1077,55+,Male,South,Hyderabad,2023-05-03,1
CUST1078,Customer_1078,55+,Male,South,Chennai,2023-04-07,1
CUST1079,Customer_1079,36-45,Male,East,Patna,2023-05-27,0
CUST1080,Customer_1080,36-45,Female,East,Ranchi,2023-06-19,0
CUST1081,Customer_1081,26-35,Male,West,Mumbai,2023-01-24,1
CUST1082,Customer_1082,18-25,Male,North,Lucknow,2023-05-22,0
CUST1083,Customer_1083,46-55,Male,West,Ahmedabad,2023-03-15,1
CUST1084,Customer_1084,36-45,Female,North,Lucknow,2023-06-20,0
CUST1085,Customer_1085,18-25,Female,West,Mumbai,2023-05-30,0
CUST1086,Customer_1086,26-35,Female,Central,Bhopal,2023-02-21,1
CUST1087,Customer_1087,18-25,Male,North,Jaipur,2023-06-24,0
CUST1088,Customer_1088,55+,Male,West,Pune,2023-06-01,1
CUST1089,Customer_1089,26-35,Female,East,Guwahati,2023-05-23,0
CUST1090,Customer_1090,26-35,Male,North,Jaipur,2023-06-01,1
CUST1091,Customer_1091,18-25,Male,North,Delhi,2023-06-22,1
CUST1092,Customer_1092,18-25,Male,Central,Bhopal,2023-03-24,1
CUST1093,Customer_1093,18-25,Female,Central,Jabalpur,2023-05-20,0
CUST1094,Customer_1094,18-25,Female,West,Nagpur,2023-05-26,0
CUST1095,Customer_1095,26-35,Male,South,Kochi,2023-03-03,1
CUST1096,Customer_1096,46-55,Female,North,Amritsar,2023-04-04,0
CUST1097,Customer_1097,36-45,Male,East,Patna,2023-04-14,0
CUST1098,Customer_1098,36-45,Female,South,Coimbatore,2023-02-22,1
CUST1099,Customer_1099,18-25,Male,West,Surat,2023-06-30,0
CUST1100,Customer_1100,55+,Male,South,Chennai,2023-02-04,1
CUST1101,Customer_1101,55+,Female,South,Kochi,2023-01-12,0
CUST1102,Customer_1102,46-55,Male,North,Jaipur,2023-02-06,0
CUST1103,Customer_1103,55+,Male,West,Ahmedabad,2023-06-25,0
CUST1104,Customer_1104,26-35,Male,West,Pune,2023-06-07,1
CUST1105,Customer_1105,36-45,Female,North,Amritsar,2023-01-02,0
CUST1106,Customer_1106,18-25,Male,West,Nagpur,2023-01-19,0
CUST1107,Customer_1107,18-25,Male,South,Coimbatore,2023-06-07,0
CUST1108,Customer_1108,36-45,Male,South,Bangalore,2023-05-03,0
CUST1109,Customer_1109,46-55,Male,South,Bangalore,2023-05-19,0
CUST1110,Customer_1110,46-55,Male,East,Ranchi,2023-02-04,1
CUST1111,Customer_1111,26-35,Male,North,Lucknow,2023-06-18,0
CUST1112,Customer_1112,55+,Female,South,Kochi,2023-06-01,0
CUST1113,Customer_1113,55+,Female,West,Surat,2023-02-01,0
CUST1114,Customer_1114,36-45,Female,North,Jaipur,2023-01-21,0
CUST1115,Customer_1115,55+,Female,West,Pune,2023-03-17,1
CUST1116,Customer_1116,55+,Female,West,Ahmedabad,2023-02-26,1
CUST1117,Customer_1117,26-35,Male,East,Guwahati,2023-04-19,0
CUST1118,Customer_1118,46-55,Female,North,Jaipur,2023-04-10,0
CUST1119,Customer_1119,46-55,Male,East,Kolkata,2023-03-29,0
CUST1120,Customer_1120,36-45,Female,North,Chandigarh,2023-05-14,0
CUST1121,Customer_1121,26-35,Female,East,Guwahati,2023-03-05,0
CUST1122,Customer_1122,18-25,Male,South,Kochi,2023-03-08,1
CUST1123,Customer_1123,36-45,Female,West,Ahmedabad,2023-02-01,0
CUST1124,Customer_1124,18-25,Male,East,Kolkata,2023-02-10,1
CUST1125,Customer_1125,46-55,Female,South,Chennai,2023-01-18,0
CUST1126,Customer_1126,36-45,Male,Central,Raipur,2023-04-30,1
CUST1127,Customer_1127,26-35,Female,South,Coimbatore,2023-04-07,0
CUST1128,Customer_1128,55+,Female,Central,Jabalpur,2023-05-15,0
CUST1129,Customer_1129,55+,Male,East,Ranchi,2023-06-30,1
CUST1130,Customer_1130,46-55,Male,Central,Gwalior,2023-03-07,0
CUST1131,Customer_1131,46-55,Female,West,Surat,2023-03-29,1
CUST1132,Customer_1132,18-25,Female,South,Chennai,2023-05-28,0
CUST1133,Customer_1133,18-25,Other,South,Coimbatore,2023-03-23,0
CUST1134,Customer_1134,46-55,Male,West,Nagpur,2023-03-10,1
CUST1135,Customer_1135,55+,Male,West,Ahmedabad,2023-04-01,1
CUST1136,Customer_1136,46-55,Male,West,Mumbai,2023-02-16,0
CUST1137,Customer_1137,18-25,Female,South,Bangalore,2023-02-27,1
CUST1138,Customer_1138,55+,Male,Central,Gwalior,2023-05-14,0
CUST1139,Customer_1139,26-35,Male,North,Amritsar,2023-04-22,0
CUST1140,Customer_1140,18-25,Female,East,Bhubaneswar,2023-02-22,0
CUST1141,Customer_1141,26-35,Female,South,Kochi,2023-04-29,1
CUST1142,Customer_1142,46-55,Male,East,Patna,2023-05-24,0
CUST1143,Customer_1143,55+,Female,West,Surat,2023-06-04,1
CUST1144,Customer_1144,46-55,Female,West,Pune,2023-02-10,0
CUST1145,Customer_1145,26-35,Female,West,Surat,2023-06-27,1
CUST1146,Customer_1146,26-35,Female,South,Hyderabad,2023-05-04,0
CUST1147,Customer_1147,18-25,Female,South,Chennai,2023-04-17,1
CUST1148,Customer_1148,36-45,Female,West,Nagpur,2023-03-20,0
CUST1149,Customer_1149,26-35,Female,Central,Jabalpur,2023-06-29,1
CUST1150,Customer_1150,46-55,Other,West,Pune,2023-03-22,1
CUST1151,Customer_1151,55+,Female,East,Bhubaneswar,2023-02-01,1
CUST1152,Customer_1152,55+,Female,North,Lucknow,2023-01-02,0
CUST1153,Customer_1153,18-25,Female,North,Chandigarh,2023-06-14,1
CUST1154,Customer_1154,18-25,Female,West,Pune,2023-05-03,1
CUST1155,Customer_1155,26-35,Male,South,Kochi,2023-06-29,0
CUST1156,Customer_1156,46-55,Female,North,Lucknow,2023-06-01,1
CUST1157,Customer_1157,36-45,Female,South,Hyderabad,2023-02-25,1
CUST1158,Customer_1158,18-25,Female,West,Pune,2023-02-14,0
CUST1159,Customer_1159,26-35,Male,South,Bangalore,2023-05-26,1
CUST1160,Customer_1160,46-55,Female,West,Surat,2023-05-30,1
CUST1161,Customer_1161,46-55,Female,West,Mumbai,2023-04-07,0
CUST1162,Customer_1162,46-55,Male,West,Ahmedabad,2023-02-15,1
CUST1163,Customer_1163,36-45,Male,South,Coimbatore,2023-05-11,0
CUST1164,Customer_1164,55+,Male,Central,Indore,2023-01-27,0
CUST1165,Customer_1165,55+,Male,South,Coimbatore,2023-05-14,1
CUST1166,Customer_1166,46-55,Male,North,Chandigarh,2023-03-04,1
CUST1167,Customer_1167,26-35,Female,East,Ranchi,2023-03-31,0
CUST1168,Customer_1168,26-35,Male,East,Patna,2023-05-28,1
CUST1169,Customer_1169,26-35,Male,South,Bangalore,2023-05-20,0
CUST1170,Customer_1170,18-25,Male,West,Pune,2023-03-29,1
CUST1171,Customer_1171,55+,Male,South,Chennai,2023-03-07,1
CUST1172,Customer_1172,26-35,Female,West,Ahmedabad,2023-03-18,0
CUST1173,Customer_1173,46-55,Female,East,Guwahati,2023-02-09,0
CUST1174,Customer_1174,55+,Male,West,Pune,2023-01-22,0
CUST1175,Customer_1175,18-25,Female,East,Ranchi,2023-04-17,1
CUST1176,Customer_1176,26-35,Male,North,Delhi,2023-06-23,1
CUST1177,Customer_1177,36-45,Female,North,Jaipur,2023-01-22,0
CUST1178,Customer_1178,36-45,Male,North,Delhi,2023-06-29,1
CUST1179,Customer_1179,36-45,Male,South,Hyderabad,2023-06-03,0
CUST1180,Customer_1180,36-45,Male,West,Mumbai,2023-03-14,0
CUST1181,Customer_1181,26-35,Female,North,Amritsar,2023-02-21,0
CUST1182,Customer_1182,18-25,Female,North,Amritsar,2023-06-10,0
CUST1183,Customer_1183,46-55,Male,East,Patna,2023-01-03,0
CUST1184,Customer_1184,36-45,Other,West,Ahmedabad,2023-03-10,1
CUST1185,Customer_1185,46-55,Female,South,Coimbatore,2023-05-01,1
CUST1186,Customer_1186,55+,Male,South,Hyderabad,2023-04-20,1
CUST1187,Customer_1187,26-35,Female,East,Bhubaneswar,2023-02-21,1
CUST1188,Customer_1188,55+,Female,Central,Indore,2023-01-31,0
CUST1189,Customer_1189,18-25,Female,North,Jaipur,2023-05-11,1
CUST1190,Customer_1190,18-25,Male,South,Coimbatore,2023-04-02,1
CUST1191,Customer_1191,18-25,Male,West,Surat,2023-06-15,1
CUST1192,Customer_1192,26-35,Male,West,Surat,2023-03-01,1
CUST1193,Customer_1193,46-55,Female,East,Kolkata,2023-04-15,1
CUST1194,Customer_1194,26-35,Female,East,Guwahati,2023-02-04,1
CUST1195,Customer_1195,36-45,Male,South,Coimbatore,2023-01-20,1
CUST1196,Customer_1196,46-55,Female,Central,Raipur,2023-04-15,0
CUST1197,Customer_1197,18-25,Other,North,Lucknow,2023-01-09,0
CUST1198,Customer_1198,55+,Male,North,Delhi,2023-06-17,0
CUST1199,Customer_1199,26-35,Male,North,Lucknow,2023-04-05,0
CUST1200,Customer_1200,55+,Male,North,Delhi,2023-05-22,1
