customer_id,frequency,monetary,avg_rating,last_order,first_order,segment,R_score,F_score,M_score,RFM_score
CUST0343,9,52406.9,4.33,2024-05-05,2023-01-15,Medium Value,5,4,5,14
CUST0060,9,40487.0,4.33,2024-02-22,2023-01-30,Medium Value,5,4,5,14
CUST1068,11,37497.9,3.82,2024-06-10,2023-01-19,Medium Value,5,5,5,15
CUST0659,4,14231.55,3.75,2023-07-23,2023-02-13,Low Value,2,1,2,5
CUST1117,5,46214.0,4.8,2024-01-09,2023-03-30,Low Value,5,1,5,11
CUST0751,7,16796.55,3.43,2024-04-22,2023-01-26,Medium Value,2,3,2,7
CUST1139,10,52184.95,4.1,2024-04-22,2023-02-19,Medium Value,5,5,5,15
CUST0651,8,58839.65,3.63,2024-06-12,2023-02-04,Medium Value,5,3,5,13
CUST0426,5,13020.65,3.0,2024-02-12,2023-03-10,Low Value,1,1,1,3
CUST0670,10,21118.2,4.3,2024-06-24,2023-03-01,Medium Value,3,5,3,11
CUST0063,7,17251.95,4.14,2024-04-09,2023-01-20,Medium Value,2,3,2,7
CUST0484,9,28661.3,4.22,2024-06-14,2023-02-05,Medium Value,4,4,4,12
CUST0520,9,30629.25,3.89,2024-06-10,2023-03-06,Medium Value,4,4,4,12
CUST0872,7,46591.2,3.86,2024-04-01,2023-04-17,Medium Value,5,3,5,13
CUST0968,8,23318.1,3.25,2024-06-16,2023-01-07,Medium Value,3,3,3,9
CUST0457,9,95033.0,3.89,2024-02-26,2023-02-18,Medium Value,5,4,5,14
CUST0649,7,19585.45,3.71,2024-04-22,2023-01-30,Medium Value,2,3,2,7
CUST0381,9,29047.65,4.0,2023-10-20,2023-02-24,Medium Value,4,4,4,12
CUST0019,5,20030.4,3.2,2024-06-22,2023-04-12,Low Value,3,1,3,7
CUST1081,7,17325.3,3.86,2024-05-21,2023-03-29,Medium Value,2,3,2,7
CUST0297,3,11064.65,5.0,2024-04-09,2023-07-26,Low Value,1,1,1,3
CUST0144,5,14602.05,3.6,2024-05-05,2023-06-28,Low Value,2,1,2,5
CUST0310,9,67568.3,3.22,2024-05-12,2023-02-03,Medium Value,5,4,5,14
CUST0867,9,61260.85,4.11,2024-06-07,2023-01-31,Medium Value,5,4,5,14
CUST0352,7,32808.55,4.43,2024-06-10,2023-01-27,Medium Value,4,3,4,11
CUST0628,7,62742.0,3.43,2024-06-02,2023-01-21,Medium Value,5,3,5,13
CUST0221,6,25180.4,4.33,2024-05-17,2023-04-25,Medium Value,3,2,3,8
CUST0736,8,20247.5,4.0,2024-06-05,2023-01-19,Medium Value,3,3,3,9
CUST0395,10,47003.7,3.5,2024-06-11,2023-01-11,Medium Value,5,5,5,15
CUST0448,9,27833.15,3.44,2024-04-12,2023-03-01,Medium Value,4,4,4,12
CUST0209,8,27979.9,4.38,2024-04-27,2023-06-07,Medium Value,4,3,4,11
CUST0546,7,15565.3,4.57,2024-04-05,2023-02-26,Medium Value,2,3,2,7
CUST0874,6,19040.25,4.17,2024-02-12,2023-04-11,Medium Value,2,2,2,6
CUST0783,13,30364.4,3.92,2023-12-21,2023-02-25,Medium Value,4,5,4,13
CUST0464,9,41988.95,4.0,2024-05-20,2023-05-20,Medium Value,5,4,5,14
CUST1164,7,15098.45,3.86,2024-06-17,2023-01-28,Medium Value,2,3,2,7
CUST0597,6,38743.7,4.5,2024-05-01,2023-03-11,Medium Value,5,2,5,12
CUST0355,4,7063.85,3.5,2023-08-31,2023-03-03,Low Value,1,1,1,3
CUST0370,11,25220.8,4.45,2024-04-17,2023-01-13,Medium Value,3,5,3,11
CUST0154,10,36584.95,3.6,2024-04-27,2023-04-22,Medium Value,4,5,4,13
CUST0660,7,16490.4,3.43,2024-03-13,2023-01-21,Medium Value,2,3,2,7
CUST0102,9,50599.55,4.0,2023-11-06,2023-03-25,Medium Value,5,4,5,14
CUST0367,11,52816.05,4.18,2024-03-16,2023-01-10,Medium Value,5,5,5,15
CUST0652,9,38136.85,3.56,2024-04-21,2023-04-03,Medium Value,5,4,5,14
CUST0450,6,17338.65,3.5,2024-03-04,2023-02-17,Medium Value,2,2,2,6
CUST0850,10,64293.05,2.9,2024-04-22,2023-01-09,Medium Value,5,5,5,15
CUST0661,8,21530.55,4.0,2024-04-03,2023-01-21,Medium Value,3,3,3,9
CUST1125,12,60583.7,3.75,2024-05-01,2023-03-07,Medium Value,5,5,5,15
CUST0960,12,46674.85,3.08,2024-05-18,2023-02-25,Medium Value,5,5,5,15
CUST0032,7,21681.0,3.0,2024-05-17,2023-01-24,Medium Value,3,3,3,9
CUST1010,6,45754.9,3.0,2024-04-08,2023-02-08,Medium Value,5,2,5,12
CUST0269,12,43597.55,4.0,2024-06-07,2023-02-06,Medium Value,5,5,5,15
CUST0194,5,12540.0,3.8,2024-06-22,2023-05-12,Low Value,1,1,1,3
CUST0394,9,29676.45,3.67,2024-06-05,2023-07-21,Medium Value,4,4,4,12
CUST0604,6,46920.0,3.33,2024-05-22,2023-05-24,Medium Value,5,2,5,12
CUST1132,6,16528.05,4.17,2024-04-28,2023-03-18,Medium Value,2,2,2,6
CUST0104,11,31895.8,4.0,2024-06-11,2023-01-24,Medium Value,4,5,4,13
CUST0476,5,46332.1,4.4,2024-05-09,2023-04-06,Low Value,5,1,5,11
CUST0938,8,19433.55,3.13,2024-05-06,2023-03-08,Medium Value,2,3,2,7
CUST0814,8,18563.1,3.63,2024-06-18,2023-03-02,Medium Value,2,3,2,7
CUST0341,4,11282.1,3.75,2024-04-15,2024-01-18,Low Value,1,1,1,3
CUST0583,8,20853.45,4.0,2024-03-16,2023-01-07,Medium Value,3,3,3,9
CUST1015,12,47667.3,3.83,2024-05-17,2023-03-20,Medium Value,5,5,5,15
CUST0551,7,21217.45,4.29,2024-03-05,2023-01-23,Medium Value,3,3,3,9
CUST0261,5,8484.05,4.2,2024-02-17,2023-05-03,Low Value,1,1,1,3
CUST0833,7,25720.7,3.71,2024-06-04,2023-02-05,Medium Value,3,3,3,9
CUST0559,10,36774.15,3.7,2024-05-22,2023-05-15,Medium Value,4,5,4,13
CUST0612,4,8641.5,3.0,2023-10-16,2023-02-27,Low Value,1,1,1,3
CUST0678,13,48332.95,3.69,2024-06-10,2023-01-17,Medium Value,5,5,5,15
CUST0353,15,44054.3,3.93,2024-05-22,2023-01-16,High Value,5,5,5,15
CUST0004,10,34920.8,3.2,2024-03-10,2023-01-26,Medium Value,4,5,4,13
CUST0142,7,31827.5,3.57,2024-03-27,2023-02-19,Medium Value,4,3,4,11
CUST0807,10,41613.7,4.0,2024-06-11,2023-01-18,Medium Value,5,5,5,15
CUST0150,11,19975.85,3.45,2024-05-24,2023-05-20,Medium Value,3,5,3,11
CUST0795,5,15492.55,4.0,2024-06-18,2023-05-25,Low Value,2,1,2,5
CUST0217,10,34652.45,4.2,2024-06-09,2023-01-25,Medium Value,4,5,4,13
CUST1064,8,34773.25,4.13,2024-06-17,2023-03-27,Medium Value,4,3,4,11
CUST1049,7,22774.9,3.86,2024-05-12,2023-05-30,Medium Value,3,3,3,9
CUST0314,10,31789.85,4.0,2024-03-22,2023-05-02,Medium Value,4,5,4,13
CUST0125,12,41218.55,4.0,2024-04-04,2023-02-08,Medium Value,5,5,5,15
CUST1066,11,36586.95,3.73,2024-04-10,2023-02-16,Medium Value,4,5,4,13
CUST0952,8,35490.9,4.75,2024-05-28,2023-01-12,Medium Value,4,4,4,12
CUST0621,10,47153.25,4.3,2024-04-16,2023-01-06,Medium Value,5,5,5,15
CUST0055,9,48055.55,3.44,2024-05-14,2023-01-21,Medium Value,5,4,5,14
CUST0224,6,10996.2,3.67,2024-03-25,2023-03-24,Medium Value,1,2,1,4
CUST0400,6,15720.65,4.0,2024-06-02,2023-02-18,Medium Value,2,2,2,6
CUST1141,11,57096.6,4.0,2024-06-15,2023-03-06,Medium Value,5,5,5,15
CUST1110,7,53663.8,4.14,2024-05-31,2023-01-11,Medium Value,5,3,5,13
CUST0438,9,20207.9,3.44,2024-06-12,2023-01-09,Medium Value,3,4,3,10
CUST1177,9,26283.4,3.89,2024-06-10,2023-03-01,Medium Value,3,4,3,10
CUST0481,11,51266.0,3.55,2024-06-21,2023-02-16,Medium Value,5,5,5,15
CUST0849,8,43323.3,3.75,2024-05-06,2023-01-30,Medium Value,5,4,5,14
CUST0021,3,3029.55,4.67,2024-05-12,2023-07-09,Low Value,1,1,1,3
CUST0366,9,17401.5,3.67,2024-06-21,2023-01-10,Medium Value,2,4,2,8
CUST0472,8,25815.0,4.38,2024-04-11,2023-02-09,Medium Value,3,4,3,10
CUST0558,4,10921.85,3.25,2024-04-22,2023-11-13,Low Value,1,1,1,3
CUST0420,6,81515.4,3.17,2024-03-07,2023-02-18,Medium Value,5,2,5,12
CUST0365,7,14724.95,3.71,2024-05-21,2023-05-16,Medium Value,2,3,2,7
CUST0252,11,29177.25,3.36,2024-05-06,2023-01-09,Medium Value,4,5,4,13
CUST1082,6,18085.05,4.33,2024-05-14,2023-03-27,Medium Value,2,2,2,6
CUST0515,9,27017.05,3.89,2024-06-24,2023-01-15,Medium Value,4,4,4,12
CUST0763,6,17428.4,3.17,2023-11-07,2023-01-30,Medium Value,2,2,2,6
CUST0798,7,27844.5,3.29,2024-04-29,2023-02-11,Medium Value,4,3,4,11
CUST0876,6,19252.0,3.83,2024-06-17,2023-03-10,Medium Value,2,2,2,6
CUST0637,7,12855.5,4.29,2024-05-25,2023-05-11,Medium Value,1,3,1,5
CUST0151,4,10724.25,4.75,2023-06-13,2023-03-01,Low Value,1,1,1,3
CUST0452,10,27282.5,4.1,2024-06-23,2023-02-17,Medium Value,4,5,4,13
CUST0793,3,8866.55,4.33,2024-06-06,2023-08-20,Low Value,1,1,1,3
CUST0302,9,21498.3,4.44,2024-04-20,2023-01-28,Medium Value,3,4,3,10
CUST0207,7,26907.3,4.0,2024-03-27,2023-01-09,Medium Value,4,3,4,11
CUST0789,6,19661.1,4.33,2024-05-30,2023-04-14,Medium Value,3,2,3,8
CUST0441,4,13520.85,3.75,2023-11-30,2023-04-12,Low Value,1,1,1,3
CUST0459,12,82624.45,3.75,2024-03-05,2023-01-06,Medium Value,5,5,5,15
CUST1043,7,17916.55,4.43,2024-05-13,2023-02-16,Medium Value,2,3,2,7
CUST1072,8,35939.7,3.75,2024-04-01,2023-06-19,Medium Value,4,4,4,12
CUST0527,8,34648.15,4.13,2024-05-19,2023-01-10,Medium Value,4,4,4,12
CUST0378,11,37121.5,4.09,2024-04-19,2023-02-03,Medium Value,5,5,5,15
CUST0196,8,17121.1,4.0,2024-03-19,2023-01-31,Medium Value,2,4,2,8
CUST0944,11,46091.0,4.0,2024-04-01,2023-04-10,Medium Value,5,5,5,15
CUST1029,8,36429.95,3.38,2024-06-16,2023-02-11,Medium Value,4,4,4,12
CUST0713,5,22856.85,4.4,2024-05-31,2023-07-08,Low Value,3,1,3,7
CUST0784,7,28877.0,3.57,2023-12-26,2023-05-29,Medium Value,4,3,4,11
CUST0663,7,35168.95,4.14,2024-05-31,2023-01-08,Medium Value,4,3,4,11
CUST0374,6,23577.45,3.5,2024-06-03,2023-06-09,Medium Value,3,2,3,8
CUST0082,9,71755.7,3.78,2024-05-27,2023-01-24,Medium Value,5,4,5,14
CUST1191,6,10668.75,4.5,2024-05-26,2023-02-24,Medium Value,1,2,1,4
CUST0493,6,15613.3,3.83,2024-06-13,2023-02-07,Medium Value,2,2,2,6
CUST0342,5,42764.7,4.0,2024-05-09,2023-03-09,Low Value,5,1,5,11
CUST0496,9,35723.05,4.33,2024-04-17,2023-02-22,Medium Value,4,4,4,12
CUST0083,12,59474.85,3.58,2024-05-27,2023-02-10,Medium Value,5,5,5,15
CUST0271,10,53190.15,3.8,2024-06-13,2023-01-16,Medium Value,5,5,5,15
CUST0654,7,26790.9,4.0,2024-05-10,2023-02-02,Medium Value,4,3,4,11
CUST0787,7,21478.1,3.86,2024-03-23,2023-02-26,Medium Value,3,3,3,9
CUST1192,11,35623.95,4.36,2024-06-19,2023-01-14,Medium Value,4,5,4,13
CUST0433,9,41793.95,3.78,2024-04-25,2023-01-31,Medium Value,5,4,5,14
CUST1070,6,14793.75,4.0,2024-04-19,2023-05-08,Medium Value,2,2,2,6
CUST0903,8,18883.15,3.38,2024-04-02,2023-02-26,Medium Value,2,4,2,8
CUST0133,11,37114.35,3.45,2024-06-23,2023-03-02,Medium Value,5,5,5,15
CUST0672,7,13698.2,4.14,2024-05-22,2023-02-12,Medium Value,1,3,1,5
CUST0279,8,10072.55,4.0,2024-03-16,2023-01-19,Medium Value,1,4,1,6
CUST1045,8,21796.9,4.13,2024-06-01,2023-01-28,Medium Value,3,4,3,10
CUST0495,10,21511.8,4.6,2024-05-02,2023-02-22,Medium Value,3,5,3,11
CUST0992,11,44892.65,4.09,2024-06-11,2023-01-10,Medium Value,5,5,5,15
CUST0289,12,44483.7,3.75,2024-05-14,2023-01-10,Medium Value,5,5,5,15
CUST0008,7,21909.7,3.86,2024-06-11,2023-02-28,Medium Value,3,3,3,9
CUST1071,9,34556.8,3.56,2024-06-13,2023-01-12,Medium Value,4,4,4,12
CUST0220,5,19078.65,3.4,2023-12-20,2023-06-26,Low Value,2,1,2,5
CUST0069,7,21141.15,3.57,2024-06-02,2023-06-18,Medium Value,3,3,3,9
CUST0333,9,24102.05,4.0,2024-04-07,2023-01-17,Medium Value,3,4,3,10
CUST0572,11,38440.85,3.82,2024-06-13,2023-04-24,Medium Value,5,5,5,15
CUST0908,14,63724.45,3.43,2024-04-24,2023-01-21,Medium Value,5,5,5,15
CUST0064,4,16072.25,4.5,2024-03-29,2023-01-10,Low Value,2,1,2,5
CUST0411,8,33174.75,4.5,2024-05-24,2023-08-11,Medium Value,4,4,4,12
CUST0575,11,40243.35,4.0,2024-05-28,2023-03-01,Medium Value,5,5,5,15
CUST1014,6,25015.8,4.33,2023-09-24,2023-01-29,Medium Value,3,2,3,8
CUST0139,7,20803.2,3.57,2024-03-04,2023-02-12,Medium Value,3,3,3,9
CUST1069,4,4604.2,4.0,2023-11-29,2023-02-16,Low Value,1,1,1,3
CUST0160,6,48341.45,4.0,2024-05-16,2023-05-13,Medium Value,5,2,5,12
CUST1127,10,61215.0,4.3,2024-06-23,2023-01-30,Medium Value,5,5,5,15
CUST0712,11,59627.95,3.73,2024-04-18,2023-02-08,Medium Value,5,5,5,15
CUST0106,12,41611.45,3.92,2024-05-27,2023-03-27,Medium Value,5,5,5,15
CUST0338,9,22439.25,3.67,2024-05-16,2023-02-28,Medium Value,3,4,3,10
CUST0569,11,30184.65,3.09,2024-06-12,2023-02-01,Medium Value,4,5,4,13
CUST0675,10,42549.3,3.3,2024-06-12,2023-02-04,Medium Value,5,5,5,15
CUST0204,6,9068.1,4.33,2024-06-12,2023-03-18,Medium Value,1,2,1,4
CUST0031,5,12597.2,4.6,2024-02-10,2023-03-22,Low Value,1,1,1,3
CUST0002,11,69831.35,3.73,2024-04-29,2023-04-25,Medium Value,5,5,5,15
CUST0587,8,20265.15,4.25,2024-04-30,2023-06-14,Medium Value,3,4,3,10
CUST0589,13,53831.65,3.54,2024-06-21,2023-03-29,Medium Value,5,5,5,15
CUST0778,13,58410.6,3.85,2024-06-13,2023-01-24,Medium Value,5,5,5,15
CUST0077,10,32427.1,3.7,2024-05-10,2023-03-16,Medium Value,4,5,4,13
CUST0969,11,35119.95,4.18,2024-04-07,2023-01-10,Medium Value,4,5,4,13
CUST0647,5,17833.5,4.0,2024-01-31,2023-01-25,Low Value,2,1,2,5
CUST0619,5,16806.7,3.8,2024-06-22,2024-02-14,Low Value,2,1,2,5
CUST1176,7,25913.0,3.43,2024-05-09,2023-01-21,Medium Value,3,3,3,9
CUST1187,13,40568.75,3.69,2024-05-22,2023-01-28,Medium Value,5,5,5,15
CUST1076,4,9379.45,4.0,2024-02-09,2023-06-10,Low Value,1,1,1,3
CUST0489,7,15873.7,4.0,2024-03-18,2023-01-28,Medium Value,2,3,2,7
CUST0088,5,9759.3,4.0,2024-03-18,2023-01-28,Low Value,1,1,1,3
CUST0904,11,20679.5,3.82,2024-05-08,2023-01-16,Medium Value,3,5,3,11
CUST0564,9,21696.0,3.56,2024-05-22,2023-06-03,Medium Value,3,4,3,10
CUST0096,15,82198.15,4.0,2024-06-09,2023-03-03,High Value,5,5,5,15
CUST0800,8,19783.85,3.63,2024-05-31,2023-02-04,Medium Value,3,4,3,10
CUST1111,10,48826.85,3.8,2024-05-28,2023-01-19,Medium Value,5,5,5,15
CUST1000,9,63131.8,4.22,2024-06-24,2023-01-18,Medium Value,5,4,5,14
CUST0119,9,32044.0,3.22,2023-11-10,2023-01-20,Medium Value,4,4,4,12
CUST1136,9,50413.55,3.89,2024-06-04,2023-02-06,Medium Value,5,4,5,14
CUST0027,8,20921.5,3.75,2024-06-21,2023-05-11,Medium Value,3,4,3,10
CUST0469,6,19072.55,4.0,2024-06-04,2023-04-21,Medium Value,2,2,2,6
CUST0754,9,18901.05,4.0,2024-06-11,2023-01-23,Medium Value,2,4,2,8
CUST0247,8,38501.25,4.0,2024-04-15,2023-03-09,Medium Value,5,4,5,14
CUST0277,7,41970.9,3.57,2024-04-11,2023-01-06,Medium Value,5,3,5,13
CUST0943,7,19901.55,3.86,2024-05-03,2023-02-13,Medium Value,3,3,3,9
CUST0431,5,14463.6,4.0,2024-04-07,2023-10-17,Low Value,2,1,2,5
CUST0273,4,18287.65,4.0,2024-05-27,2023-04-24,Low Value,2,1,2,5
CUST1089,8,39269.9,4.38,2024-05-17,2023-02-06,Medium Value,5,4,5,14
CUST0430,9,40294.55,4.44,2024-06-16,2023-01-08,Medium Value,5,4,5,14
CUST0456,6,15341.25,4.17,2023-11-29,2023-01-28,Medium Value,2,2,2,6
CUST0045,7,16674.7,3.43,2024-05-04,2023-03-17,Medium Value,2,3,2,7
CUST0671,4,14566.15,3.5,2023-11-13,2023-03-10,Low Value,2,1,2,5
CUST1017,8,19879.8,4.25,2024-06-12,2023-02-20,Medium Value,3,4,3,10
CUST0844,4,15458.1,3.5,2023-12-27,2023-03-17,Low Value,2,1,2,5
CUST0508,13,37843.65,3.62,2024-03-07,2023-01-08,Medium Value,5,5,5,15
CUST1088,10,41216.95,3.0,2024-04-10,2023-02-21,Medium Value,5,5,5,15
CUST1067,7,19941.4,3.86,2024-05-28,2023-05-30,Medium Value,3,3,3,9
CUST1169,6,16138.05,3.83,2024-02-07,2023-02-23,Medium Value,2,2,2,6
CUST0422,10,31881.0,4.1,2024-06-09,2023-01-16,Medium Value,4,5,4,13
CUST1053,9,42660.15,3.89,2024-06-09,2023-04-14,Medium Value,5,4,5,14
CUST0606,9,46854.1,4.0,2024-05-26,2023-02-10,Medium Value,5,4,5,14
CUST0684,8,28348.1,3.5,2024-06-21,2023-06-26,Medium Value,4,4,4,12
CUST0330,5,17040.65,3.8,2024-05-31,2023-03-24,Low Value,2,1,2,5
CUST0731,4,22238.65,2.75,2024-03-02,2023-02-04,Low Value,3,1,3,7
CUST0880,7,15010.15,4.29,2024-02-08,2023-05-27,Medium Value,2,3,2,7
CUST1108,13,56042.3,3.38,2024-06-02,2023-02-05,Medium Value,5,5,5,15
CUST0473,6,25133.9,3.67,2024-05-12,2023-03-15,Medium Value,3,2,3,8
CUST0334,10,36261.25,3.8,2024-04-11,2023-01-12,Medium Value,4,5,4,13
CUST1109,10,19295.2,4.1,2024-04-11,2023-02-01,Medium Value,2,5,2,9
CUST0105,10,33065.85,3.7,2024-02-28,2023-02-05,Medium Value,4,5,4,13
CUST0402,13,65806.85,3.92,2024-02-08,2023-01-29,Medium Value,5,5,5,15
CUST0536,9,18888.6,4.0,2024-05-14,2023-01-13,Medium Value,2,4,2,8
CUST1199,8,74456.4,4.38,2024-04-21,2023-01-31,Medium Value,5,4,5,14
CUST0635,9,19879.15,3.78,2024-06-05,2023-04-16,Medium Value,3,4,3,10
CUST0828,7,32809.8,4.14,2024-04-07,2023-01-21,Medium Value,4,3,4,11
CUST0756,10,41353.05,4.0,2024-06-17,2023-01-22,Medium Value,5,5,5,15
CUST0449,6,15592.6,3.17,2024-05-02,2023-06-22,Medium Value,2,2,2,6
CUST0602,9,21150.05,3.78,2024-02-14,2023-02-24,Medium Value,3,4,3,10
CUST0068,7,48805.35,4.14,2024-03-28,2023-04-06,Medium Value,5,3,5,13
CUST0779,7,48245.6,4.0,2024-06-10,2023-02-11,Medium Value,5,3,5,13
CUST0274,13,63928.05,3.85,2024-06-14,2023-02-19,Medium Value,5,5,5,15
CUST0574,9,19268.4,3.33,2024-03-02,2023-02-14,Medium Value,2,4,2,8
CUST0240,8,17563.85,3.25,2024-06-03,2023-02-16,Medium Value,2,4,2,8
CUST0260,13,61399.3,3.69,2024-04-17,2023-02-09,Medium Value,5,5,5,15
CUST0688,10,33789.2,3.8,2024-06-09,2023-03-28,Medium Value,4,5,4,13
CUST0812,5,15093.3,2.6,2023-07-30,2023-01-29,Low Value,2,1,2,5
CUST0073,11,89796.1,3.55,2024-05-30,2023-01-09,Medium Value,5,5,5,15
CUST0091,8,26840.8,3.75,2024-05-27,2023-02-07,Medium Value,4,4,4,12
CUST1163,5,22848.7,4.2,2024-04-20,2023-09-27,Low Value,3,1,3,7
CUST0007,10,42960.9,3.6,2024-04-25,2023-02-10,Medium Value,5,5,5,15
CUST1107,8,16844.3,3.63,2024-02-21,2023-01-10,Medium Value,2,4,2,8
CUST0919,6,13626.85,3.67,2024-05-05,2023-03-07,Medium Value,1,2,1,4
CUST0683,6,19647.05,3.17,2024-06-18,2023-01-24,Medium Value,3,2,3,8
CUST1159,2,3151.35,4.5,2024-04-18,2023-06-14,Low Value,1,1,1,3
CUST0662,8,45468.3,3.88,2024-06-24,2023-01-21,Medium Value,5,4,5,14
CUST0514,11,41954.1,4.64,2024-06-06,2023-04-21,Medium Value,5,5,5,15
CUST1018,12,32783.05,4.33,2024-04-28,2023-02-28,Medium Value,4,5,4,13
CUST0180,7,20124.9,4.29,2024-04-30,2023-03-10,Medium Value,3,3,3,9
CUST0888,9,33283.15,4.11,2024-01-31,2023-03-21,Medium Value,4,4,4,12
CUST1146,6,16623.3,4.33,2024-03-04,2023-02-16,Medium Value,2,2,2,6
CUST0239,6,17495.45,4.0,2024-03-12,2023-05-10,Medium Value,2,2,2,6
CUST0238,10,30460.95,3.2,2024-06-16,2023-01-11,Medium Value,4,5,4,13
CUST0173,8,24805.95,3.63,2024-06-08,2023-02-23,Medium Value,3,4,3,10
CUST1007,10,35663.35,3.8,2024-06-17,2023-10-23,Medium Value,4,5,4,13
CUST1042,12,29150.3,3.75,2024-06-16,2023-01-08,Medium Value,4,5,4,13
CUST0362,9,51639.15,4.0,2024-02-10,2023-02-09,Medium Value,5,4,5,14
CUST0525,10,58162.35,4.1,2024-05-20,2023-01-31,Medium Value,5,5,5,15
CUST1080,8,54658.35,3.88,2024-05-02,2023-05-23,Medium Value,5,4,5,14
CUST0039,6,13704.65,3.33,2023-12-13,2023-03-31,Medium Value,1,2,1,4
CUST0940,6,16284.65,4.0,2024-05-20,2023-03-08,Medium Value,2,2,2,6
CUST0914,8,23768.5,4.25,2024-06-10,2023-02-03,Medium Value,3,4,3,10
CUST0668,11,24126.55,4.09,2024-05-30,2023-02-02,Medium Value,3,5,3,11
CUST0653,6,19734.3,3.83,2024-06-02,2023-01-13,Medium Value,3,2,3,8
CUST0843,10,43674.9,3.7,2024-04-26,2023-02-07,Medium Value,5,5,5,15
CUST0578,13,39944.7,4.31,2024-03-28,2023-01-20,Medium Value,5,5,5,15
CUST0272,8,20966.45,4.38,2024-01-19,2023-07-09,Medium Value,3,4,3,10
CUST0755,6,12164.0,4.33,2024-05-26,2023-03-04,Medium Value,1,2,1,4
CUST0808,6,15511.65,4.0,2024-04-22,2023-02-14,Medium Value,2,2,2,6
CUST0553,8,22434.9,3.5,2024-05-29,2023-01-10,Medium Value,3,4,3,10
CUST0012,7,30317.9,3.71,2024-05-24,2023-01-17,Medium Value,4,3,4,11
CUST0397,8,24602.95,3.63,2024-02-22,2023-03-19,Medium Value,3,4,3,10
CUST0192,13,64206.4,4.23,2024-04-18,2023-02-06,Medium Value,5,5,5,15
CUST0929,11,36224.9,3.45,2024-05-10,2023-03-15,Medium Value,4,5,4,13
CUST0728,13,30852.4,3.54,2024-06-03,2023-01-15,Medium Value,4,5,4,13
CUST0724,4,5458.35,3.0,2023-12-31,2023-06-09,Low Value,1,1,1,3
CUST1056,10,26542.9,3.2,2024-06-21,2023-02-17,Medium Value,4,5,4,13
CUST0792,6,13948.15,3.5,2023-12-04,2023-03-19,Medium Value,1,2,1,4
CUST0979,5,12975.15,4.4,2024-05-29,2023-07-16,Low Value,1,1,1,3
CUST1172,9,40490.25,3.56,2024-04-11,2023-01-23,Medium Value,5,4,5,14
CUST1046,12,64036.05,4.08,2024-01-08,2023-01-12,Medium Value,5,5,5,15
CUST0097,10,30770.75,3.9,2024-04-01,2023-02-21,Medium Value,4,5,4,13
CUST0885,5,8672.55,4.0,2024-02-17,2023-01-22,Low Value,1,1,1,3
CUST0211,11,47896.65,3.91,2024-06-01,2023-01-10,Medium Value,5,5,5,15
CUST1079,6,33691.3,3.33,2024-06-10,2023-11-05,Medium Value,4,2,4,10
CUST0405,5,17025.35,3.6,2024-06-17,2023-08-13,Low Value,2,1,2,5
CUST0246,9,24766.15,4.11,2024-06-02,2023-01-25,Medium Value,3,4,3,10
CUST1105,8,23955.4,3.88,2024-05-27,2023-04-06,Medium Value,3,4,3,10
CUST0369,5,16161.05,2.8,2024-06-08,2023-02-15,Low Value,2,1,2,5
CUST0243,9,69611.6,3.44,2024-03-03,2023-01-18,Medium Value,5,4,5,14
CUST0620,9,21901.3,4.44,2024-05-01,2023-03-27,Medium Value,3,4,3,10
CUST0467,8,23189.0,3.88,2024-05-14,2023-10-29,Medium Value,3,4,3,10
CUST0423,9,82557.0,3.56,2024-04-05,2023-01-17,Medium Value,5,4,5,14
CUST1052,8,25441.55,3.5,2024-03-18,2023-02-08,Medium Value,3,4,3,10
CUST1171,7,19085.35,4.14,2024-04-22,2023-01-21,Medium Value,2,3,2,7
CUST0114,7,23940.9,4.0,2024-06-02,2023-01-14,Medium Value,3,3,3,9
CUST0327,10,24005.4,3.7,2024-04-13,2023-02-15,Medium Value,3,5,3,11
CUST0639,3,11978.55,4.67,2024-05-24,2023-05-28,Low Value,1,1,1,3
CUST0371,8,40602.95,3.75,2024-06-19,2023-02-08,Medium Value,5,4,5,14
CUST1099,4,19605.7,3.5,2024-05-28,2023-06-04,Low Value,3,1,3,7
CUST0396,6,76783.8,3.33,2024-03-29,2023-03-11,Medium Value,5,2,5,12
CUST0437,6,15742.05,4.33,2024-02-07,2023-03-20,Medium Value,2,2,2,6
CUST0976,7,17457.25,4.0,2024-05-03,2023-05-02,Medium Value,2,3,2,7
CUST1055,6,26715.95,4.17,2024-06-22,2023-02-15,Medium Value,4,2,4,10
CUST0893,10,26920.4,4.2,2024-04-25,2023-01-13,Medium Value,4,5,4,13
CUST0674,7,33254.65,3.57,2024-04-29,2023-01-22,Medium Value,4,3,4,11
CUST0537,14,76513.1,4.07,2024-06-12,2023-01-11,Medium Value,5,5,5,15
CUST0896,8,21500.6,4.25,2024-06-01,2023-05-16,Medium Value,3,4,3,10
CUST0236,8,41378.45,3.75,2024-06-19,2023-01-08,Medium Value,5,4,5,14
CUST1013,12,56429.5,4.0,2024-06-22,2023-02-02,Medium Value,5,5,5,15
CUST1059,10,61006.0,3.9,2024-06-16,2023-03-07,Medium Value,5,5,5,15
CUST1147,4,12834.35,3.5,2024-04-02,2023-04-11,Low Value,1,1,1,3
CUST1041,7,33356.05,4.43,2024-06-23,2023-01-26,Medium Value,4,3,4,11
CUST0153,6,14319.5,4.0,2024-05-11,2023-03-25,Medium Value,2,2,2,6
CUST0005,9,31088.7,4.33,2024-06-14,2023-03-29,Medium Value,4,4,4,12
CUST0185,8,35829.9,3.75,2024-06-06,2023-04-29,Medium Value,4,4,4,12
CUST0231,13,41089.0,3.69,2024-04-16,2023-01-30,Medium Value,5,5,5,15
CUST0767,10,25569.5,4.4,2024-04-13,2023-02-01,Medium Value,3,5,3,11
CUST0774,6,47411.0,4.33,2024-05-17,2023-01-15,Medium Value,5,2,5,12
CUST0241,4,13753.95,3.75,2024-02-25,2023-01-24,Low Value,1,1,1,3
CUST0463,7,16124.9,4.43,2024-06-06,2023-02-19,Medium Value,2,3,2,7
CUST0283,9,31010.5,3.89,2024-04-29,2023-04-01,Medium Value,4,4,4,12
CUST0256,8,33998.85,3.88,2024-03-13,2023-02-13,Medium Value,4,4,4,12
CUST0709,4,10620.5,3.75,2023-11-26,2023-02-06,Low Value,1,1,1,3
CUST0006,9,24274.2,4.11,2024-05-12,2023-02-01,Medium Value,3,4,3,10
CUST0143,5,12368.1,4.4,2024-01-14,2023-01-15,Low Value,1,1,1,3
CUST0644,5,27744.7,3.2,2024-05-27,2023-02-11,Low Value,4,1,4,9
CUST0140,8,26135.3,4.0,2024-04-01,2023-03-14,Medium Value,3,4,3,10
CUST0191,10,28588.5,3.9,2024-06-13,2023-02-25,Medium Value,4,5,4,13
CUST0875,7,22642.45,3.71,2024-03-02,2023-01-30,Medium Value,3,3,3,9
CUST1162,10,71790.1,4.4,2024-04-20,2023-01-22,Medium Value,5,5,5,15
CUST0089,4,16743.75,3.5,2024-01-08,2023-03-04,Low Value,2,1,2,5
CUST0629,9,34458.1,4.22,2024-04-26,2023-03-06,Medium Value,4,4,4,12
CUST0512,5,18974.7,3.4,2024-04-24,2023-08-09,Low Value,2,1,2,5
CUST0568,5,16504.85,4.2,2024-03-30,2023-04-12,Low Value,2,1,2,5
CUST1106,13,30118.55,3.85,2024-06-04,2023-01-26,Medium Value,4,5,4,13
CUST0715,6,26995.2,3.67,2024-04-03,2023-05-30,Medium Value,4,2,4,10
CUST0152,9,27859.9,3.44,2024-05-10,2023-01-15,Medium Value,4,4,4,12
CUST1179,13,45196.75,4.08,2024-06-08,2023-01-07,Medium Value,5,5,5,15
CUST0605,6,22338.75,4.17,2024-05-26,2023-01-18,Medium Value,3,2,3,8
CUST0769,10,23096.4,4.1,2024-06-22,2023-01-07,Medium Value,3,5,3,11
CUST0886,6,28029.15,4.0,2024-04-29,2023-02-10,Medium Value,4,2,4,10
CUST0300,9,29815.45,4.11,2024-05-24,2023-02-11,Medium Value,4,4,4,12
CUST0095,9,18673.05,3.56,2024-06-05,2023-04-05,Medium Value,2,4,2,8
CUST1074,6,29364.35,4.33,2024-04-19,2023-04-19,Medium Value,4,2,4,10
CUST1024,11,25313.1,4.0,2024-03-16,2023-04-20,Medium Value,3,5,3,11
CUST0854,5,12901.35,4.2,2024-03-19,2023-02-15,Low Value,1,1,1,3
CUST0390,9,25158.4,3.89,2024-05-27,2023-03-08,Medium Value,3,4,3,10
CUST0801,6,19640.0,3.33,2024-03-04,2023-04-04,Medium Value,3,2,3,8
CUST0616,5,11443.1,4.0,2024-01-01,2023-01-06,Low Value,1,1,1,3
CUST0727,13,26928.75,3.54,2024-05-16,2023-01-27,Medium Value,4,5,4,13
CUST1003,8,19345.0,3.88,2024-01-25,2023-01-26,Medium Value,2,4,2,8
CUST0237,7,20283.8,4.43,2024-05-04,2023-03-30,Medium Value,3,3,3,9
CUST0468,4,8634.55,3.5,2024-06-06,2023-02-21,Low Value,1,1,1,3
CUST0706,4,13180.8,4.5,2024-06-24,2023-05-22,Low Value,1,1,1,3
CUST0586,8,44284.35,4.0,2024-06-05,2023-06-09,Medium Value,5,4,5,14
CUST0902,12,56663.35,3.58,2024-05-15,2023-01-06,Medium Value,5,5,5,15
CUST0386,6,28237.05,3.83,2024-04-15,2023-02-06,Medium Value,4,2,4,10
CUST0855,11,32051.55,4.18,2024-05-14,2023-02-20,Medium Value,4,5,4,13
CUST1122,8,20678.4,4.13,2024-03-15,2023-02-11,Medium Value,3,4,3,10
CUST0552,7,22106.35,3.71,2024-03-27,2023-05-16,Medium Value,3,3,3,9
CUST0791,10,57339.3,4.0,2024-05-11,2023-02-05,Medium Value,5,5,5,15
CUST0214,12,30146.6,3.75,2024-06-06,2023-02-01,Medium Value,4,5,4,13
CUST0895,6,14703.3,4.17,2024-06-08,2023-03-31,Medium Value,2,2,2,6
CUST1019,6,22632.25,3.67,2024-03-02,2023-04-10,Medium Value,3,2,3,8
CUST0046,4,25819.35,3.25,2024-01-31,2023-05-04,Low Value,3,1,3,7
CUST0819,7,31671.8,3.86,2024-06-16,2023-02-19,Medium Value,4,3,4,11
CUST0776,9,37623.05,4.0,2024-05-12,2023-01-09,Medium Value,5,4,5,14
CUST0723,5,16620.05,4.8,2024-02-22,2023-03-17,Low Value,2,1,2,5
CUST0453,7,18688.7,4.0,2024-04-28,2023-01-31,Medium Value,2,3,2,7
CUST0226,7,26521.1,3.86,2023-11-26,2023-01-10,Medium Value,4,3,4,11
CUST0149,8,26610.55,3.38,2024-05-14,2023-05-20,Medium Value,4,4,4,12
CUST1118,6,40110.2,3.5,2024-02-12,2023-01-19,Medium Value,5,2,5,12
CUST0491,9,37120.05,3.67,2024-05-21,2023-02-07,Medium Value,5,4,5,14
CUST0017,5,36002.9,3.6,2023-10-16,2023-02-28,Low Value,4,1,4,9
CUST1150,9,23046.1,3.67,2024-06-23,2023-01-07,Medium Value,3,4,3,10
CUST0234,7,14716.3,3.57,2024-03-28,2023-02-20,Medium Value,2,3,2,7
CUST0202,6,12635.0,4.0,2024-06-24,2023-02-07,Medium Value,1,2,1,4
CUST1075,6,17569.7,3.67,2024-03-11,2023-02-16,Medium Value,2,2,2,6
CUST0205,4,8766.75,4.0,2024-05-26,2023-08-11,Low Value,1,1,1,3
CUST1194,6,37590.45,4.5,2024-05-06,2023-05-13,Medium Value,5,2,5,12
CUST0200,5,10646.15,3.8,2024-04-10,2023-05-01,Low Value,1,1,1,3
CUST0066,8,57954.25,4.0,2024-03-30,2023-05-24,Medium Value,5,4,5,14
CUST0861,10,23348.2,3.9,2024-06-01,2023-03-07,Medium Value,3,5,3,11
CUST0115,8,20890.35,3.63,2024-06-17,2023-03-12,Medium Value,3,4,3,10
CUST0313,10,26304.3,3.3,2024-06-19,2023-01-07,Medium Value,4,5,4,13
CUST0858,5,15000.3,3.8,2024-01-08,2023-05-08,Low Value,2,1,2,5
CUST0887,8,31763.3,4.25,2024-04-18,2023-01-08,Medium Value,4,4,4,12
CUST1038,8,27950.8,4.13,2024-06-13,2023-06-01,Medium Value,4,4,4,12
CUST0268,11,41565.9,3.64,2024-05-07,2023-02-08,Medium Value,5,5,5,15
CUST0195,15,63375.65,4.27,2024-06-20,2023-01-12,High Value,5,5,5,15
CUST0851,9,33611.85,4.11,2024-06-01,2023-01-19,Medium Value,4,4,4,12
CUST0051,7,65050.0,4.14,2024-06-19,2023-02-19,Medium Value,5,3,5,13
CUST1138,6,12529.2,3.67,2023-12-19,2023-04-09,Medium Value,1,2,1,4
CUST0700,10,45932.6,4.4,2024-05-29,2023-02-25,Medium Value,5,5,5,15
CUST0701,7,22792.9,4.29,2024-06-21,2023-04-29,Medium Value,3,3,3,9
CUST0555,7,23322.3,4.29,2024-02-20,2023-02-23,Medium Value,3,3,3,9
CUST0610,7,18099.35,3.14,2024-06-13,2023-02-21,Medium Value,2,3,2,7
CUST0445,7,25072.75,4.43,2024-05-15,2023-01-11,Medium Value,3,3,3,9
CUST1183,10,21651.7,3.9,2024-05-11,2023-02-04,Medium Value,3,5,3,11
CUST0336,9,31418.05,4.67,2024-03-02,2023-01-13,Medium Value,4,4,4,12
CUST0009,6,18303.95,4.0,2024-05-24,2023-02-22,Medium Value,2,2,2,6
CUST0478,3,15785.85,4.0,2023-11-13,2023-07-31,Low Value,2,1,2,5
CUST0931,13,40083.0,3.62,2024-06-15,2023-01-30,Medium Value,5,5,5,15
CUST0747,7,12584.7,4.29,2024-05-08,2023-05-06,Medium Value,1,3,1,5
CUST0278,7,33865.05,3.86,2024-06-05,2023-01-10,Medium Value,4,3,4,11
CUST0977,9,31498.55,3.56,2024-06-22,2023-02-20,Medium Value,4,4,4,12
CUST0544,5,13184.3,4.2,2024-05-19,2023-01-23,Low Value,1,1,1,3
CUST0401,11,52019.2,4.0,2024-04-16,2023-02-10,Medium Value,5,5,5,15
CUST0984,13,71786.9,4.38,2024-03-13,2023-02-10,Medium Value,5,5,5,15
CUST0650,7,26763.8,3.71,2024-04-04,2023-02-07,Medium Value,4,3,4,11
CUST0541,9,24224.5,4.33,2024-05-11,2023-01-19,Medium Value,3,4,3,10
CUST0682,11,35149.7,3.91,2024-06-13,2023-01-27,Medium Value,4,5,4,13
CUST0624,10,27281.7,3.6,2024-06-16,2023-01-24,Medium Value,4,5,4,13
CUST0557,5,10960.9,4.6,2023-09-30,2023-03-05,Low Value,1,1,1,3
CUST0982,12,44043.8,3.58,2024-06-24,2023-01-31,Medium Value,5,5,5,15
CUST0429,6,25219.8,4.0,2024-03-05,2023-08-15,Medium Value,3,2,3,8
CUST0084,11,33531.25,4.27,2024-06-05,2023-01-06,Medium Value,4,5,4,13
CUST0174,4,15871.95,3.75,2024-05-22,2023-04-06,Low Value,2,1,2,5
CUST0718,9,36103.2,3.0,2024-05-27,2023-02-02,Medium Value,4,4,4,12
CUST0307,6,10995.05,4.17,2024-04-24,2023-01-26,Medium Value,1,2,1,4
CUST1123,9,41091.85,3.89,2024-05-13,2023-06-29,Medium Value,5,4,5,14
CUST0148,14,47471.5,4.14,2024-05-16,2023-01-15,Medium Value,5,5,5,15
CUST0129,9,17724.6,3.56,2024-06-08,2023-01-18,Medium Value,2,4,2,8
CUST0631,8,32315.1,3.75,2024-05-26,2023-01-29,Medium Value,4,4,4,12
CUST0135,9,39579.6,3.33,2024-05-09,2023-03-07,Medium Value,5,4,5,14
CUST0321,6,12836.75,4.33,2024-04-27,2023-02-22,Medium Value,1,2,1,4
CUST0018,7,34825.0,3.57,2024-04-02,2023-01-07,Medium Value,4,3,4,11
CUST0591,7,16059.0,4.14,2024-03-23,2023-05-02,Medium Value,2,3,2,7
CUST0848,8,32540.0,3.88,2024-04-07,2023-04-15,Medium Value,4,4,4,12
CUST0928,13,77117.1,3.92,2024-05-24,2023-04-06,Medium Value,5,5,5,15
CUST0127,5,35003.35,3.8,2024-05-04,2023-01-09,Low Value,4,1,4,9
CUST0044,10,28308.15,3.9,2024-06-13,2023-03-05,Medium Value,4,5,4,13
CUST1040,11,48473.75,4.18,2024-06-20,2023-02-08,Medium Value,5,5,5,15
CUST1129,6,41773.2,3.0,2024-06-21,2023-01-16,Medium Value,5,2,5,12
CUST0094,4,10807.45,4.0,2023-08-01,2023-02-23,Low Value,1,1,1,3
CUST0585,11,44406.65,3.82,2024-06-11,2023-01-11,Medium Value,5,5,5,15
CUST0601,6,28221.0,3.67,2024-03-23,2023-01-15,Medium Value,4,2,4,10
CUST0698,6,15523.85,4.5,2024-02-29,2023-04-07,Medium Value,2,2,2,6
CUST0951,7,22738.4,4.14,2024-06-06,2023-04-13,Medium Value,3,3,3,9
CUST0414,6,14759.35,4.33,2024-02-18,2023-01-29,Medium Value,2,2,2,6
CUST0959,9,52594.15,3.78,2024-03-01,2023-02-15,Medium Value,5,4,5,14
CUST0317,6,15724.3,3.83,2024-05-11,2023-01-24,Medium Value,2,2,2,6
CUST0740,8,38691.6,4.13,2024-04-11,2023-01-16,Medium Value,5,4,5,14
CUST0936,2,8362.9,4.5,2024-05-13,2024-03-04,Low Value,1,1,1,3
CUST0479,9,88600.35,3.56,2024-06-04,2023-05-14,Medium Value,5,4,5,14
CUST0761,4,18425.7,4.0,2023-10-31,2023-03-12,Low Value,2,1,2,5
CUST0113,12,36444.0,3.83,2024-06-09,2023-01-22,Medium Value,4,5,4,13
CUST0899,5,9363.8,4.2,2024-03-19,2023-04-04,Low Value,1,1,1,3
CUST0970,6,19409.95,3.5,2023-11-21,2023-02-12,Medium Value,2,2,2,6
CUST0722,6,7283.05,3.83,2024-06-04,2023-08-02,Medium Value,1,2,1,4
CUST0941,6,18958.8,3.83,2024-03-05,2023-03-28,Medium Value,2,2,2,6
CUST0538,3,14384.15,3.67,2024-04-25,2023-06-18,Low Value,2,1,2,5
CUST1023,2,2921.55,5.0,2023-12-19,2023-06-27,Low Value,1,1,1,3
CUST0486,10,39425.35,4.3,2024-02-28,2023-01-11,Medium Value,5,5,5,15
CUST0092,4,7603.7,3.75,2023-10-18,2023-01-06,Low Value,1,1,1,3
CUST1057,8,20123.1,4.13,2024-06-17,2023-01-06,Medium Value,3,4,3,10
CUST0379,5,20272.6,3.8,2024-06-15,2023-03-02,Low Value,3,1,3,7
CUST0593,10,29835.4,3.9,2024-04-18,2023-01-06,Medium Value,4,5,4,13
CUST0047,7,15685.35,4.43,2024-05-10,2023-04-16,Medium Value,2,3,2,7
CUST0877,7,24951.5,3.29,2024-01-12,2023-04-18,Medium Value,3,3,3,9
CUST0863,8,24045.1,2.63,2024-05-06,2023-03-16,Medium Value,3,4,3,10
CUST0156,4,16213.15,4.25,2024-03-16,2023-09-05,Low Value,2,1,2,5
CUST0689,8,14362.6,4.63,2024-06-12,2023-01-29,Medium Value,2,4,2,8
CUST0500,11,38206.6,4.0,2023-12-12,2023-01-08,Medium Value,5,5,5,15
CUST1155,5,8287.6,3.4,2023-11-30,2023-06-17,Low Value,1,1,1,3
CUST0138,6,23597.7,4.17,2024-03-03,2023-01-10,Medium Value,3,2,3,8
CUST0110,6,32151.2,4.5,2024-03-11,2023-01-10,Medium Value,4,2,4,10
CUST0282,8,22003.85,4.25,2024-06-20,2023-01-08,Medium Value,3,4,3,10
CUST1030,10,24114.7,3.6,2024-06-20,2023-01-28,Medium Value,3,5,3,11
CUST0771,5,24936.35,4.2,2024-03-01,2023-06-28,Low Value,3,1,3,7
CUST0596,6,77156.1,4.0,2024-05-09,2023-02-24,Medium Value,5,2,5,12
CUST0188,8,43354.45,3.13,2024-05-30,2023-03-20,Medium Value,5,4,5,14
CUST0412,6,16634.7,3.5,2024-01-01,2023-05-19,Medium Value,2,2,2,6
CUST0539,6,12704.6,4.0,2024-06-20,2023-05-14,Medium Value,1,2,1,4
CUST0599,9,79162.95,3.89,2024-05-05,2023-04-01,Medium Value,5,4,5,14
CUST0245,4,15324.2,2.75,2023-10-30,2023-08-11,Low Value,2,1,2,5
CUST0471,8,23203.15,3.88,2024-03-26,2023-05-06,Medium Value,3,4,3,10
CUST0155,9,21801.35,3.56,2024-04-28,2023-04-01,Medium Value,3,4,3,10
CUST0939,9,25481.55,3.89,2024-06-18,2023-01-16,Medium Value,3,4,3,10
CUST0325,8,27352.9,3.88,2024-03-27,2023-01-11,Medium Value,4,4,4,12
CUST1085,12,35659.65,4.08,2024-06-21,2023-01-14,Medium Value,4,5,4,13
CUST1170,7,24192.3,4.14,2024-02-01,2023-04-07,Medium Value,3,3,3,9
CUST0816,10,30257.2,3.9,2024-05-31,2023-02-06,Medium Value,4,5,4,13
CUST0357,11,51780.5,4.36,2024-06-22,2023-02-25,Medium Value,5,5,5,15
CUST0879,7,21068.4,3.57,2023-12-22,2023-05-21,Medium Value,3,3,3,9
CUST0360,6,25299.1,4.0,2024-06-17,2023-01-16,Medium Value,3,2,3,8
CUST1148,11,55382.95,3.64,2024-06-04,2023-02-05,Medium Value,5,5,5,15
CUST0642,10,31046.2,3.8,2024-03-22,2023-02-04,Medium Value,4,5,4,13
CUST0927,9,40284.35,4.11,2024-03-31,2023-01-23,Medium Value,5,4,5,14
CUST0339,5,34962.8,4.2,2024-06-23,2023-05-28,Low Value,4,1,4,9
CUST0839,7,21961.0,3.29,2024-03-18,2023-01-26,Medium Value,3,3,3,9
CUST0898,4,6982.55,4.25,2024-02-26,2023-01-08,Low Value,1,1,1,3
CUST0040,3,8792.2,4.33,2023-06-30,2023-04-20,Low Value,1,1,1,3
CUST0014,4,17061.75,4.0,2024-05-07,2023-02-25,Low Value,2,1,2,5
CUST1011,11,47372.25,3.64,2024-05-14,2023-07-20,Medium Value,5,5,5,15
CUST0286,7,16792.65,4.0,2024-04-04,2023-02-02,Medium Value,2,3,2,7
CUST0540,7,32420.6,3.57,2024-06-15,2023-04-06,Medium Value,4,3,4,11
CUST0121,8,14500.05,3.63,2024-02-19,2023-02-07,Medium Value,2,4,2,8
CUST1200,15,56373.25,3.4,2024-03-28,2023-06-11,High Value,5,5,5,15
CUST1073,6,32712.25,3.67,2024-03-04,2023-02-01,Medium Value,4,2,4,10
CUST0033,5,17931.7,4.6,2023-11-23,2023-01-29,Low Value,2,1,2,5
CUST0025,13,57114.15,3.85,2024-03-31,2023-03-02,Medium Value,5,5,5,15
CUST0235,11,26751.55,4.18,2024-06-22,2023-04-02,Medium Value,4,5,4,13
CUST0633,10,69105.1,3.9,2024-04-17,2023-04-10,Medium Value,5,5,5,15
CUST0829,4,15499.8,3.5,2023-12-24,2023-02-28,Low Value,2,1,2,5
CUST0159,6,21324.95,3.83,2024-05-12,2023-02-24,Medium Value,3,2,3,8
CUST0255,7,14491.25,3.43,2024-06-07,2023-01-19,Medium Value,2,3,2,7
CUST0878,7,31215.45,4.0,2024-04-04,2023-02-18,Medium Value,4,3,4,11
CUST0846,6,17555.7,4.5,2024-03-19,2023-02-04,Medium Value,2,2,2,6
CUST0622,9,33248.0,4.22,2024-03-20,2023-03-21,Medium Value,4,4,4,12
CUST0483,6,17405.85,3.17,2024-05-16,2023-05-04,Medium Value,2,2,2,6
CUST0890,7,23636.1,3.86,2024-04-18,2023-01-31,Medium Value,3,3,3,9
CUST1012,6,55586.0,3.67,2024-03-31,2023-01-17,Medium Value,5,2,5,12
CUST0071,6,27355.05,4.33,2024-03-10,2023-02-05,Medium Value,4,2,4,10
CUST1104,4,5992.75,3.0,2023-10-19,2023-01-21,Low Value,1,1,1,3
CUST0753,7,16090.25,4.29,2024-05-15,2023-02-20,Medium Value,2,3,2,7
CUST0961,9,25887.8,3.56,2024-02-14,2023-01-29,Medium Value,3,4,3,10
CUST1186,10,27253.7,4.0,2024-04-15,2023-05-04,Medium Value,4,5,4,13
CUST0859,6,11592.75,3.83,2024-05-30,2023-05-25,Medium Value,1,2,1,4
CUST0350,8,31826.1,3.88,2024-03-13,2023-02-07,Medium Value,4,4,4,12
CUST0772,9,29461.5,4.11,2024-05-26,2023-03-21,Medium Value,4,4,4,12
CUST0474,6,14635.0,2.67,2024-03-30,2023-02-18,Medium Value,2,2,2,6
CUST1152,9,32689.3,4.11,2024-06-22,2023-03-26,Medium Value,4,4,4,12
CUST0901,2,3106.65,2.5,2024-06-14,2023-03-03,Low Value,1,1,1,3
CUST0392,9,41274.6,3.78,2024-06-16,2023-03-25,Medium Value,5,4,5,14
CUST0806,5,18334.9,3.6,2024-06-23,2023-05-17,Low Value,2,1,2,5
CUST0103,8,48182.05,4.25,2024-03-20,2023-02-02,Medium Value,5,4,5,14
CUST0632,9,19332.25,3.89,2024-06-05,2023-02-18,Medium Value,2,4,2,8
CUST0985,10,62005.0,4.3,2024-06-16,2023-02-04,Medium Value,5,5,5,15
CUST0926,8,26693.45,3.5,2024-05-04,2023-02-05,Medium Value,4,4,4,12
CUST0292,9,43734.2,4.0,2024-03-14,2023-03-14,Medium Value,5,4,5,14
CUST0502,8,26352.15,3.5,2024-05-04,2023-05-17,Medium Value,4,4,4,12
CUST0841,4,9712.35,2.5,2024-05-20,2023-06-10,Low Value,1,1,1,3
CUST1185,6,8209.85,3.67,2024-05-10,2023-02-05,Medium Value,1,2,1,4
CUST1144,5,20487.2,3.2,2024-05-27,2023-06-19,Low Value,3,1,3,7
CUST1130,9,14803.8,3.44,2024-04-22,2023-02-01,Medium Value,2,4,2,8
CUST0098,11,34227.85,3.82,2024-02-21,2023-02-13,Medium Value,4,5,4,13
CUST0566,8,23376.7,4.63,2024-05-06,2023-02-11,Medium Value,3,4,3,10
CUST0298,7,15496.1,3.86,2023-12-01,2023-01-21,Medium Value,2,3,2,7
CUST0218,7,23465.4,3.43,2024-01-19,2023-02-14,Medium Value,3,3,3,9
CUST1103,3,6056.2,4.0,2023-11-16,2023-01-07,Low Value,1,1,1,3
CUST0359,4,21884.7,4.25,2023-12-28,2023-06-20,Low Value,3,1,3,7
CUST0697,10,51028.9,3.5,2024-05-23,2023-04-12,Medium Value,5,5,5,15
CUST1193,13,41621.75,3.69,2024-06-06,2023-01-11,Medium Value,5,5,5,15
CUST1005,7,16365.85,4.0,2024-06-24,2023-02-13,Medium Value,2,3,2,7
CUST0923,13,31634.45,3.69,2024-05-27,2023-04-12,Medium Value,4,5,4,13
CUST0421,7,26896.25,3.71,2024-05-23,2023-02-08,Medium Value,4,3,4,11
CUST0741,4,15683.75,4.5,2024-04-23,2023-09-22,Low Value,2,1,2,5
CUST0581,8,35486.75,3.63,2024-04-21,2023-02-22,Medium Value,4,4,4,12
CUST0454,5,8068.95,4.6,2024-03-31,2023-06-02,Low Value,1,1,1,3
CUST0085,7,16594.15,4.57,2024-05-24,2023-01-24,Medium Value,2,3,2,7
CUST0436,8,31556.65,3.38,2024-04-06,2023-02-06,Medium Value,4,4,4,12
CUST0230,8,37651.8,3.25,2024-03-17,2023-05-29,Medium Value,5,4,5,14
CUST1016,7,46663.55,4.0,2024-04-21,2023-04-12,Medium Value,5,3,5,13
CUST0288,8,24920.35,3.38,2024-05-28,2023-02-04,Medium Value,3,4,3,10
CUST0090,9,50750.25,3.89,2024-06-12,2023-01-07,Medium Value,5,4,5,14
CUST0137,7,23527.25,2.71,2024-05-28,2023-02-25,Medium Value,3,3,3,9
CUST1027,7,21806.1,3.57,2024-06-05,2023-02-17,Medium Value,3,3,3,9
CUST0042,5,10599.0,4.2,2023-12-17,2023-02-05,Low Value,1,1,1,3
CUST0391,8,23423.25,4.13,2024-06-10,2023-05-04,Medium Value,3,4,3,10
CUST0249,2,3135.8,4.0,2024-02-18,2023-05-05,Low Value,1,1,1,3
CUST0831,7,14057.95,3.71,2024-05-10,2023-02-07,Medium Value,2,3,2,7
CUST0973,6,11666.25,3.83,2023-11-29,2023-03-23,Medium Value,1,2,1,4
CUST0737,5,43671.0,4.0,2024-06-03,2023-01-29,Low Value,5,1,5,11
CUST0563,6,10376.2,4.0,2024-05-20,2023-03-04,Medium Value,1,2,1,4
CUST0208,14,43849.0,4.07,2024-06-13,2023-03-08,Medium Value,5,5,5,15
CUST0099,9,58999.5,3.67,2024-06-10,2023-01-06,Medium Value,5,4,5,14
CUST0760,8,33251.55,4.13,2024-06-24,2023-04-13,Medium Value,4,4,4,12
CUST0349,5,15290.95,4.0,2024-01-05,2023-01-31,Low Value,2,1,2,5
CUST0499,5,17408.6,4.4,2024-02-20,2023-06-10,Low Value,2,1,2,5
CUST0775,7,19977.9,4.43,2024-04-26,2023-01-22,Medium Value,3,3,3,9
CUST0503,7,23048.2,4.14,2024-03-14,2023-02-07,Medium Value,3,3,3,9
CUST0490,9,23242.75,4.0,2024-06-14,2023-03-04,Medium Value,3,4,3,10
CUST0053,9,37314.3,4.11,2024-06-19,2023-03-06,Medium Value,5,4,5,14
CUST0057,5,31384.85,3.8,2024-03-18,2023-07-17,Low Value,4,1,4,9
CUST1160,9,29816.05,3.67,2024-05-12,2023-01-30,Medium Value,4,4,4,12
CUST0177,7,24275.5,4.43,2024-06-08,2023-02-17,Medium Value,3,3,3,9
CUST0687,7,22173.35,4.14,2024-02-05,2023-02-01,Medium Value,3,3,3,9
CUST0233,7,27588.55,3.86,2024-04-09,2023-02-17,Medium Value,4,3,4,11
CUST0415,9,13732.05,3.56,2024-06-18,2023-06-03,Medium Value,1,4,1,6
CUST0924,9,35557.65,3.44,2024-03-09,2023-01-28,Medium Value,4,4,4,12
CUST0446,12,47458.2,3.83,2024-06-14,2023-03-26,Medium Value,5,5,5,15
CUST1140,12,87717.35,4.0,2024-01-08,2023-01-29,Medium Value,5,5,5,15
CUST0206,7,37579.15,4.0,2024-03-24,2023-03-02,Medium Value,5,3,5,13
CUST0294,12,40037.45,3.67,2024-06-18,2023-05-10,Medium Value,5,5,5,15
CUST0705,6,20949.0,3.33,2024-06-11,2023-04-24,Medium Value,3,2,3,8
CUST0946,7,37428.25,3.86,2024-06-12,2023-01-12,Medium Value,5,3,5,13
CUST0447,7,23821.55,3.71,2024-06-18,2023-01-24,Medium Value,3,3,3,9
CUST0326,4,10420.05,3.0,2024-05-31,2023-08-25,Low Value,1,1,1,3
CUST0988,8,26317.9,3.75,2024-02-22,2023-03-24,Medium Value,4,4,4,12
CUST0745,14,46897.4,4.36,2024-03-25,2023-01-11,Medium Value,5,5,5,15
CUST1098,5,15456.75,3.4,2024-06-05,2023-03-22,Low Value,2,1,2,5
CUST0667,6,30969.25,4.0,2024-06-24,2023-01-25,Medium Value,4,2,4,10
CUST0967,9,19964.95,3.67,2024-06-01,2023-01-21,Medium Value,3,4,3,10
CUST0603,6,18507.95,3.33,2024-04-30,2023-03-09,Medium Value,2,2,2,6
CUST0022,5,11662.7,3.8,2024-04-22,2023-04-08,Low Value,1,1,1,3
CUST0158,6,22753.75,3.17,2024-04-11,2023-04-23,Medium Value,3,2,3,8
CUST0266,7,39939.35,4.14,2024-04-19,2023-03-31,Medium Value,5,3,5,13
CUST0087,6,24504.9,3.67,2024-03-07,2023-02-18,Medium Value,3,2,3,8
CUST0692,6,17025.6,4.0,2024-06-02,2023-01-25,Medium Value,2,2,2,6
CUST0592,7,66474.9,3.43,2024-03-25,2023-06-20,Medium Value,5,3,5,13
CUST0167,6,20764.7,4.67,2024-03-31,2023-03-29,Medium Value,3,2,3,8
CUST0026,4,7690.2,3.75,2024-03-01,2023-06-20,Low Value,1,1,1,3
CUST0187,6,18162.65,3.83,2024-05-03,2023-02-16,Medium Value,2,2,2,6
CUST0821,7,41495.7,3.57,2024-03-19,2023-01-11,Medium Value,5,3,5,13
CUST0107,7,15507.55,3.14,2024-06-24,2023-06-06,Medium Value,2,3,2,7
CUST0717,5,16865.9,3.4,2024-05-31,2023-09-24,Low Value,2,1,2,5
CUST0162,5,7500.3,3.4,2024-04-18,2023-06-08,Low Value,1,1,1,3
CUST0764,6,30339.7,3.17,2024-04-10,2023-04-23,Medium Value,4,2,4,10
CUST0510,4,10408.2,4.5,2023-12-07,2023-05-24,Low Value,1,1,1,3
CUST0997,5,7660.6,4.2,2024-05-24,2023-01-08,Low Value,1,1,1,3
CUST0480,5,11807.45,3.2,2024-03-23,2023-01-21,Low Value,1,1,1,3
CUST0780,9,62402.3,4.33,2024-04-20,2023-01-31,Medium Value,5,4,5,14
CUST0714,9,29616.95,3.67,2024-06-11,2023-04-25,Medium Value,4,4,4,12
CUST0673,7,45874.2,3.71,2024-06-24,2023-04-24,Medium Value,5,3,5,13
CUST0954,5,8468.4,4.2,2024-01-27,2023-03-24,Low Value,1,1,1,3
CUST0852,3,9366.95,4.33,2024-06-17,2023-02-21,Low Value,1,1,1,3
CUST0656,6,17625.25,4.5,2024-02-24,2023-01-29,Medium Value,2,2,2,6
CUST0075,11,43224.2,3.91,2024-06-04,2023-03-12,Medium Value,5,5,5,15
CUST0506,11,46195.15,3.82,2024-06-20,2023-06-04,Medium Value,5,5,5,15
CUST0318,4,7720.8,4.0,2024-03-21,2023-03-10,Low Value,1,1,1,3
CUST0497,7,58513.4,4.0,2024-05-12,2023-01-30,Medium Value,5,3,5,13
CUST0710,10,35602.65,3.6,2024-04-10,2023-01-08,Medium Value,4,5,4,13
CUST0746,4,8391.0,2.75,2024-02-19,2023-03-18,Low Value,1,1,1,3
CUST1196,7,22475.25,3.71,2023-12-13,2023-04-07,Medium Value,3,3,3,9
CUST0607,8,12825.3,3.63,2024-06-19,2023-01-17,Medium Value,1,4,1,6
CUST0750,5,7217.05,4.0,2024-04-11,2023-03-18,Low Value,1,1,1,3
CUST0322,7,31697.15,3.86,2024-06-21,2023-04-14,Medium Value,4,3,4,11
CUST0100,11,33047.25,3.82,2024-06-21,2023-02-16,Medium Value,4,5,4,13
CUST0229,4,12887.0,3.5,2024-02-03,2023-02-12,Low Value,1,1,1,3
CUST0856,6,46301.7,3.33,2024-06-01,2023-05-09,Medium Value,5,2,5,12
CUST0608,4,10772.4,3.5,2024-05-02,2023-02-04,Low Value,1,1,1,3
CUST0618,10,70081.15,3.9,2024-05-16,2023-02-17,Medium Value,5,5,5,15
CUST0847,5,33103.75,4.6,2024-05-22,2023-04-16,Low Value,4,1,4,9
CUST0301,6,22696.55,4.67,2024-02-18,2023-03-09,Medium Value,3,2,3,8
CUST1091,10,26846.25,3.7,2024-06-10,2023-04-04,Medium Value,4,5,4,13
CUST0011,7,37088.2,4.29,2024-06-09,2023-02-22,Medium Value,4,3,4,11
CUST1021,6,53428.7,3.67,2024-06-20,2023-01-06,Medium Value,5,2,5,12
CUST1182,4,11705.15,3.0,2024-04-26,2023-08-10,Low Value,1,1,1,3
CUST0711,8,37680.55,4.38,2024-04-06,2023-01-12,Medium Value,5,4,5,14
CUST1001,8,23314.85,4.38,2024-04-08,2023-01-16,Medium Value,3,4,3,10
CUST1124,9,22749.85,3.56,2024-01-21,2023-02-24,Medium Value,3,4,3,10
CUST0932,8,17189.65,3.63,2024-06-12,2023-01-30,Medium Value,2,4,2,8
CUST0962,6,21539.5,3.83,2024-06-09,2023-04-14,Medium Value,3,2,3,8
CUST0003,7,22315.25,4.29,2024-05-30,2023-04-06,Medium Value,3,3,3,9
CUST0836,4,11827.2,4.0,2024-03-31,2023-03-02,Low Value,1,1,1,3
CUST1178,4,18212.85,4.75,2024-01-10,2023-11-20,Low Value,2,1,2,5
CUST1189,4,10918.35,4.5,2024-03-27,2023-03-10,Low Value,1,1,1,3
CUST0193,6,17325.55,3.83,2024-05-17,2023-01-18,Medium Value,2,2,2,6
CUST0190,8,23438.85,3.75,2024-05-10,2023-09-14,Medium Value,3,4,3,10
CUST0028,7,22688.6,3.86,2024-06-09,2023-01-07,Medium Value,3,3,3,9
CUST0577,9,48993.65,4.0,2024-06-02,2023-03-03,Medium Value,5,4,5,14
CUST0556,9,31161.6,4.0,2024-04-06,2023-02-04,Medium Value,4,4,4,12
CUST1151,6,22994.9,3.67,2024-05-08,2023-03-21,Medium Value,3,2,3,8
CUST0733,9,34874.95,3.56,2024-05-13,2023-03-09,Medium Value,4,4,4,12
CUST0770,9,25933.7,4.33,2024-06-19,2023-01-06,Medium Value,3,4,3,10
CUST0048,7,15724.5,3.71,2024-06-16,2023-01-31,Medium Value,2,3,2,7
CUST0451,3,8329.8,4.33,2023-11-13,2023-04-04,Low Value,1,1,1,3
CUST0465,8,28598.5,3.5,2024-05-18,2023-01-20,Medium Value,4,4,4,12
CUST1142,7,22466.5,4.29,2024-06-03,2023-01-12,Medium Value,3,3,3,9
CUST1114,11,26194.6,3.82,2024-05-21,2023-03-15,Medium Value,3,5,3,11
CUST0081,10,39215.45,4.5,2024-01-24,2023-01-28,Medium Value,5,5,5,15
CUST0680,8,37562.3,3.25,2024-06-04,2023-01-19,Medium Value,5,4,5,14
CUST0995,10,34957.25,4.4,2024-05-07,2023-01-06,Medium Value,4,5,4,13
CUST0532,7,21040.1,4.0,2024-01-29,2023-02-13,Medium Value,3,3,3,9
CUST0978,8,22239.8,3.25,2024-06-20,2023-05-18,Medium Value,3,4,3,10
CUST0337,5,12169.55,3.2,2024-01-08,2023-01-12,Low Value,1,1,1,3
CUST0994,7,24348.35,4.29,2024-02-29,2023-02-01,Medium Value,3,3,3,9
CUST0276,6,26304.2,2.83,2024-05-22,2023-06-11,Medium Value,4,2,4,10
CUST1090,6,10260.7,3.67,2024-06-23,2023-02-22,Medium Value,1,2,1,4
CUST0658,6,59136.3,3.33,2024-06-13,2023-03-06,Medium Value,5,2,5,12
CUST0998,6,18065.95,4.17,2024-03-19,2023-02-18,Medium Value,2,2,2,6
CUST0521,7,10910.25,2.71,2024-05-31,2023-07-27,Medium Value,1,3,1,5
CUST0037,5,13426.1,3.8,2024-06-23,2023-03-20,Low Value,1,1,1,3
CUST1157,8,28106.2,3.88,2024-06-16,2023-02-21,Medium Value,4,4,4,12
CUST0547,6,6985.0,3.67,2024-03-01,2023-03-19,Medium Value,1,2,1,4
CUST0124,9,19092.95,4.11,2024-05-24,2023-04-21,Medium Value,2,4,2,8
CUST0912,11,41690.55,3.82,2024-06-22,2023-01-28,Medium Value,5,5,5,15
CUST0805,9,42360.5,4.67,2024-04-18,2023-02-05,Medium Value,5,4,5,14
CUST0518,8,24190.5,3.13,2024-02-04,2023-01-31,Medium Value,3,4,3,10
CUST0617,9,21782.2,3.56,2024-06-24,2023-01-08,Medium Value,3,4,3,10
CUST0950,9,32766.0,3.33,2024-06-18,2023-03-25,Medium Value,4,4,4,12
CUST0757,11,36431.5,3.64,2024-04-30,2023-01-17,Medium Value,4,5,4,13
CUST0013,6,18640.15,2.33,2024-05-01,2023-06-12,Medium Value,2,2,2,6
CUST0079,9,19186.75,3.89,2024-06-01,2023-01-21,Medium Value,2,4,2,8
CUST0166,8,25852.7,4.0,2024-06-22,2023-01-15,Medium Value,3,4,3,10
CUST0986,12,34600.75,3.58,2024-05-02,2023-02-14,Medium Value,4,5,4,13
CUST0560,7,21408.45,3.0,2024-01-27,2023-04-29,Medium Value,3,3,3,9
CUST0576,10,27176.15,4.0,2024-06-24,2023-02-15,Medium Value,4,5,4,13
CUST0306,6,28568.9,3.0,2024-02-19,2023-02-21,Medium Value,4,2,4,10
CUST0648,7,13129.5,4.43,2024-05-22,2023-01-20,Medium Value,1,3,1,5
CUST0571,8,15785.1,3.75,2024-02-21,2023-08-18,Medium Value,2,4,2,8
CUST1092,10,25813.15,4.3,2024-06-16,2023-03-08,Medium Value,3,5,3,11
CUST1121,7,14450.15,4.71,2024-06-13,2023-05-27,Medium Value,2,3,2,7
CUST0824,8,45149.9,3.63,2024-05-13,2023-01-31,Medium Value,5,4,5,14
CUST0695,6,11309.2,4.0,2023-11-01,2023-03-31,Medium Value,1,2,1,4
CUST0319,7,26385.8,4.14,2024-05-15,2023-03-17,Medium Value,4,3,4,11
CUST1034,5,15107.2,4.4,2024-05-08,2023-03-08,Low Value,2,2,2,6
CUST0036,6,28514.95,3.83,2024-04-27,2023-07-24,Medium Value,4,2,4,10
CUST0504,8,45776.6,3.38,2024-06-02,2023-05-01,Medium Value,5,4,5,14
CUST0475,4,14819.1,3.5,2023-12-22,2023-02-10,Low Value,2,1,2,5
CUST0393,7,45192.4,3.29,2024-06-06,2023-01-12,Medium Value,5,3,5,13
CUST0146,6,24643.8,4.0,2024-03-29,2023-02-15,Medium Value,3,2,3,8
CUST0625,5,11309.85,4.4,2024-06-08,2023-04-28,Low Value,1,2,1,4
CUST0822,8,39592.0,3.38,2023-12-23,2023-01-20,Medium Value,5,4,5,14
CUST0035,6,20376.15,4.83,2024-05-18,2023-08-19,Medium Value,3,2,3,8
CUST1134,8,14514.75,4.13,2024-06-16,2023-02-15,Medium Value,2,4,2,8
CUST0132,4,14975.1,3.75,2024-06-22,2023-03-22,Low Value,2,1,2,5
CUST0915,7,21299.75,4.0,2024-06-21,2023-03-08,Medium Value,3,3,3,9
CUST0387,6,13754.9,4.33,2024-06-22,2023-02-15,Medium Value,1,2,1,4
CUST0232,6,35291.95,3.17,2024-01-22,2023-01-27,Medium Value,4,2,4,10
CUST1101,9,38468.05,4.22,2024-03-01,2023-02-01,Medium Value,5,4,5,14
CUST0189,6,15073.0,5.0,2024-04-21,2023-04-22,Medium Value,2,2,2,6
CUST0974,5,20961.1,3.2,2024-02-14,2023-01-21,Low Value,3,2,3,8
CUST0312,5,14898.65,4.6,2024-03-24,2023-01-28,Low Value,2,2,2,6
CUST0228,6,19179.3,4.17,2024-04-08,2023-02-26,Medium Value,2,2,2,6
CUST0762,8,38090.6,3.5,2024-06-20,2023-01-06,Medium Value,5,4,5,14
CUST0905,3,5836.65,4.67,2023-06-25,2023-03-26,Low Value,1,1,1,3
CUST0267,7,38850.45,2.86,2024-03-28,2023-03-07,Medium Value,5,3,5,13
CUST0466,7,18711.45,3.71,2024-06-10,2023-02-13,Medium Value,2,3,2,7
CUST0157,6,20004.35,3.67,2023-12-20,2023-03-12,Medium Value,3,2,3,8
CUST0383,10,32151.75,4.0,2024-05-28,2023-01-14,Medium Value,4,5,4,13
CUST0799,5,18245.1,3.6,2024-03-19,2023-01-25,Low Value,2,2,2,6
CUST0834,8,52107.65,4.0,2024-06-24,2023-04-28,Medium Value,5,4,5,14
CUST0165,6,11796.15,3.67,2024-06-11,2023-07-28,Medium Value,1,2,1,4
CUST0164,6,16459.8,4.17,2024-06-21,2023-01-16,Medium Value,2,2,2,6
CUST0921,11,51314.75,3.18,2024-05-20,2023-04-25,Medium Value,5,5,5,15
CUST0262,9,31039.9,3.89,2024-05-11,2023-03-12,Medium Value,4,4,4,12
CUST0427,3,8117.25,4.0,2024-04-07,2023-01-18,Low Value,1,1,1,3
CUST0418,7,23965.15,3.71,2024-02-14,2023-01-09,Medium Value,3,3,3,9
CUST0108,6,9822.95,4.5,2024-06-15,2023-03-17,Medium Value,1,2,1,4
CUST0320,5,13351.0,4.0,2024-04-08,2023-05-04,Low Value,1,2,1,4
CUST0223,9,34139.9,3.67,2024-06-05,2023-03-16,Medium Value,4,4,4,12
CUST0049,5,7629.05,3.4,2024-04-20,2023-01-14,Low Value,1,2,1,4
CUST1158,8,16749.35,4.25,2024-02-26,2023-05-12,Medium Value,2,4,2,8
CUST1119,8,26495.7,3.75,2024-05-10,2023-01-15,Medium Value,4,4,4,12
CUST0382,6,26217.2,4.17,2024-04-18,2023-06-12,Medium Value,3,2,3,8
CUST0720,3,8952.0,4.33,2023-11-06,2023-04-27,Low Value,1,1,1,3
CUST0782,9,21478.1,3.67,2024-06-08,2023-06-05,Medium Value,3,4,3,10
CUST0868,7,13752.7,3.14,2024-05-02,2023-03-26,Medium Value,1,3,1,5
CUST0542,7,20587.35,3.86,2024-03-24,2023-03-15,Medium Value,3,3,3,9
CUST0691,7,12516.55,3.71,2024-06-21,2023-02-05,Medium Value,1,3,1,5
CUST0280,6,22340.75,4.67,2024-06-14,2023-02-28,Medium Value,3,2,3,8
CUST0809,8,26514.65,4.25,2024-04-28,2023-04-15,Medium Value,4,4,4,12
CUST0937,5,7574.15,4.6,2024-05-18,2023-02-17,Low Value,1,2,1,4
CUST0251,8,20546.1,4.63,2024-04-04,2023-06-02,Medium Value,3,4,3,10
CUST1133,4,10743.7,4.5,2024-01-20,2023-03-07,Low Value,1,1,1,3
CUST0910,5,7248.85,3.2,2024-04-18,2023-06-29,Low Value,1,2,1,4
CUST0749,11,28511.9,4.0,2024-06-02,2023-03-07,Medium Value,4,5,4,13
CUST0734,7,29380.6,4.0,2024-05-11,2023-04-19,Medium Value,4,3,4,11
CUST0892,7,17294.95,4.29,2024-03-01,2023-04-02,Medium Value,2,3,2,7
CUST0917,6,11365.2,3.83,2024-05-13,2023-08-31,Medium Value,1,2,1,4
CUST0293,7,25044.55,4.14,2024-01-20,2023-01-31,Medium Value,3,3,3,9
CUST0613,5,29774.85,4.4,2024-06-24,2023-01-23,Low Value,4,2,4,10
CUST0406,4,13565.55,3.25,2024-06-18,2023-04-29,Low Value,1,1,1,3
CUST1135,7,11916.25,4.14,2024-06-06,2023-01-27,Medium Value,1,3,1,5
CUST0719,8,16050.1,4.13,2024-04-27,2023-03-10,Medium Value,2,4,2,8
CUST0815,5,7148.8,3.6,2024-04-05,2023-03-10,Low Value,1,2,1,4
CUST0694,8,24056.4,3.88,2024-04-25,2023-02-17,Medium Value,3,4,3,10
CUST0810,7,16724.6,4.14,2024-05-23,2023-02-13,Medium Value,2,3,2,7
CUST0117,6,33562.35,3.5,2024-03-21,2023-01-15,Medium Value,4,2,4,10
CUST0112,6,24123.9,3.17,2024-06-03,2023-01-22,Medium Value,3,2,3,8
CUST0980,4,7641.9,4.25,2024-05-08,2023-04-13,Low Value,1,1,1,3
CUST0250,6,17907.4,4.33,2024-04-18,2023-05-08,Medium Value,2,2,2,6
CUST1161,4,13817.1,2.75,2023-12-21,2023-06-02,Low Value,1,1,1,3
CUST1006,6,12831.65,3.67,2024-01-27,2023-05-12,Medium Value,1,2,1,4
CUST0857,13,29459.55,3.92,2024-04-22,2023-02-10,Medium Value,4,5,4,13
CUST0305,6,20177.45,4.17,2023-10-30,2023-02-25,Medium Value,3,2,3,8
CUST0304,10,29367.4,3.5,2024-03-26,2023-01-23,Medium Value,4,5,4,13
CUST0873,7,14679.5,3.71,2024-05-27,2023-02-06,Medium Value,2,3,2,7
CUST0964,8,39344.65,3.63,2024-06-11,2023-02-17,Medium Value,5,4,5,14
CUST0595,2,2043.15,4.0,2024-01-19,2023-10-22,Low Value,1,1,1,3
CUST1137,7,28050.8,4.43,2024-06-20,2023-04-12,Medium Value,4,3,4,11
CUST0573,6,14577.3,3.17,2023-11-05,2023-02-26,Medium Value,2,2,2,6
CUST0316,7,24357.15,4.14,2024-06-18,2023-02-07,Medium Value,3,3,3,9
CUST0975,5,19172.75,3.8,2024-04-16,2024-01-24,Low Value,2,2,2,6
CUST0942,6,16271.0,3.67,2024-06-16,2023-01-10,Medium Value,2,2,2,6
CUST0963,4,17432.85,4.0,2024-02-26,2023-09-13,Low Value,2,1,2,5
CUST1020,6,14417.55,4.33,2024-05-19,2023-02-24,Medium Value,2,2,2,6
CUST1050,8,22832.4,4.0,2024-06-15,2023-07-23,Medium Value,3,4,3,10
CUST1051,6,17500.4,4.0,2024-04-28,2023-03-25,Medium Value,2,2,2,6
CUST0281,5,28007.7,4.4,2023-09-01,2023-02-19,Low Value,4,2,4,10
CUST0309,7,19924.6,3.71,2024-05-24,2023-05-19,Medium Value,3,3,3,9
CUST0458,10,31998.15,3.9,2024-06-14,2023-03-25,Medium Value,4,5,4,13
CUST0871,6,22979.85,3.5,2024-04-14,2023-03-12,Medium Value,3,2,3,8
CUST1197,6,17480.55,4.17,2023-10-30,2023-01-16,Medium Value,2,2,2,6
CUST0860,5,19643.4,2.6,2024-04-13,2023-02-28,Low Value,3,2,3,8
CUST0332,6,19178.7,3.5,2023-11-12,2023-01-16,Medium Value,2,2,2,6
CUST0186,13,37182.65,3.69,2024-06-10,2023-01-30,Medium Value,5,5,5,15
CUST0702,10,22368.3,3.8,2024-06-07,2023-01-06,Medium Value,3,5,3,11
CUST0825,7,23127.45,3.71,2024-05-06,2023-02-11,Medium Value,3,3,3,9
CUST1115,7,21673.8,4.0,2024-06-20,2023-03-20,Medium Value,3,3,3,9
CUST0072,5,16878.15,3.8,2024-06-16,2023-04-02,Low Value,2,2,2,6
CUST0492,8,12654.9,3.75,2024-03-18,2023-01-08,Medium Value,1,4,1,6
CUST1113,5,6357.55,3.0,2024-06-23,2023-10-03,Low Value,1,2,1,4
CUST0884,7,21725.45,3.29,2024-06-03,2023-01-24,Medium Value,3,3,3,9
CUST0067,7,19409.7,3.14,2024-05-04,2023-02-21,Medium Value,2,3,2,7
CUST0934,9,19283.9,4.44,2024-03-25,2023-06-08,Medium Value,2,4,2,8
CUST0765,5,16108.0,3.2,2024-06-09,2023-04-20,Low Value,2,2,2,6
CUST0949,6,16979.7,3.67,2024-04-25,2023-01-15,Medium Value,2,2,2,6
CUST1086,10,31199.0,3.5,2024-05-18,2023-02-02,Medium Value,4,5,4,13
CUST0183,9,37135.45,3.78,2024-05-04,2023-02-12,Medium Value,5,5,5,15
CUST1126,7,27956.6,3.43,2023-09-27,2023-02-07,Medium Value,4,3,4,11
CUST0178,9,26543.65,3.33,2024-06-11,2023-01-27,Medium Value,4,5,4,13
CUST0287,6,14032.8,3.83,2024-05-02,2023-02-23,Medium Value,2,2,2,6
CUST0416,9,30380.2,3.44,2024-06-02,2023-02-11,Medium Value,4,5,4,13
CUST0865,7,27922.3,3.71,2024-06-09,2023-04-09,Medium Value,4,3,4,11
CUST0696,7,18923.95,3.29,2024-04-26,2023-03-01,Medium Value,2,3,2,7
CUST0212,11,48147.6,4.0,2024-06-24,2023-04-28,Medium Value,5,5,5,15
CUST0170,3,12686.6,1.67,2024-02-20,2023-01-22,Low Value,1,1,1,3
CUST1100,5,9155.2,4.6,2023-06-12,2023-02-17,Low Value,1,2,1,4
CUST0225,5,14547.35,3.8,2024-06-04,2023-08-07,Low Value,2,2,2,6
CUST0410,10,30381.0,3.6,2024-02-13,2023-03-12,Medium Value,4,5,4,13
CUST0076,11,36714.9,4.09,2024-06-24,2023-01-09,Medium Value,4,5,4,13
CUST0707,4,14819.4,3.75,2024-04-27,2023-08-21,Low Value,2,1,2,5
CUST1174,6,31490.05,3.67,2024-02-25,2023-02-12,Medium Value,4,2,4,10
CUST0965,7,42084.2,3.29,2024-06-16,2023-09-14,Medium Value,5,3,5,13
CUST0582,8,19229.6,3.38,2024-06-22,2023-05-04,Medium Value,2,4,2,8
CUST0991,5,17717.2,4.4,2024-05-05,2023-08-12,Low Value,2,2,2,6
CUST0570,7,32032.75,3.43,2024-06-23,2023-04-07,Medium Value,4,3,4,11
CUST0264,5,35603.85,3.6,2024-06-13,2023-08-14,Low Value,4,2,4,10
CUST0141,4,17501.1,3.75,2024-03-18,2023-02-13,Low Value,2,1,2,5
CUST0739,6,8720.75,4.33,2024-05-09,2023-02-17,Medium Value,1,2,1,4
CUST0356,3,11348.1,3.33,2023-10-25,2023-05-20,Low Value,1,1,1,3
CUST0020,5,37169.5,4.0,2024-02-13,2023-06-04,Low Value,5,2,5,12
CUST0275,6,9117.4,3.17,2024-05-06,2023-05-04,Medium Value,1,2,1,4
CUST0900,6,10785.6,4.33,2024-05-20,2023-11-16,Medium Value,1,2,1,4
CUST0609,12,39660.95,4.08,2024-06-14,2023-02-18,Medium Value,5,5,5,15
CUST0802,9,20963.4,3.56,2024-06-11,2023-01-13,Medium Value,3,5,3,11
CUST0487,6,20729.4,3.67,2024-01-18,2023-01-26,Medium Value,3,2,3,8
CUST0768,5,14027.1,4.6,2024-04-02,2023-02-14,Low Value,2,2,2,6
CUST0894,9,18048.2,3.33,2024-05-08,2023-03-14,Medium Value,2,5,2,9
CUST1116,11,38576.25,3.55,2024-05-16,2023-04-25,Medium Value,5,5,5,15
CUST1195,8,23720.15,3.75,2024-03-06,2023-04-01,Medium Value,3,4,3,10
CUST0679,13,49441.9,3.85,2024-02-05,2023-03-08,Medium Value,5,5,5,15
CUST0813,7,18877.25,4.57,2024-06-09,2023-02-12,Medium Value,2,3,2,7
CUST1025,8,27848.45,4.0,2024-04-03,2023-01-08,Medium Value,4,4,4,12
CUST0384,5,8296.5,4.6,2024-01-21,2023-03-06,Low Value,1,2,1,4
CUST0916,1,1992.15,3.0,2024-01-27,2024-01-27,Low Value,1,1,1,3
CUST0435,9,53549.2,4.11,2024-05-03,2023-02-21,Medium Value,5,5,5,15
CUST0640,5,15817.1,4.4,2023-10-14,2023-01-24,Low Value,2,2,2,6
CUST0501,8,12600.75,4.0,2024-04-18,2023-03-03,Medium Value,1,4,1,6
CUST0580,9,32941.85,4.0,2024-02-17,2023-01-11,Medium Value,4,5,4,13
CUST0176,6,14019.15,4.5,2024-06-22,2023-07-01,Medium Value,2,2,2,6
CUST0945,11,48618.8,3.55,2024-04-09,2023-02-08,Medium Value,5,5,5,15
CUST0803,6,20227.0,3.83,2024-01-17,2023-09-26,Medium Value,3,2,3,8
CUST0308,12,56339.0,4.42,2024-05-16,2023-03-22,Medium Value,5,5,5,15
CUST1032,11,36217.45,3.73,2024-03-13,2023-02-06,Medium Value,4,5,4,13
CUST0291,3,9501.9,4.67,2024-01-20,2023-02-10,Low Value,1,1,1,3
CUST0263,9,39704.7,4.11,2024-04-12,2023-04-22,Medium Value,5,5,5,15
CUST0058,9,41166.45,3.56,2024-06-05,2023-04-16,Medium Value,5,5,5,15
CUST0882,5,9008.6,4.4,2024-04-26,2023-09-25,Low Value,1,2,1,4
CUST0725,4,7533.45,4.25,2024-03-19,2023-08-28,Low Value,1,1,1,3
CUST0958,8,17670.25,4.0,2024-06-12,2023-01-14,Medium Value,2,4,2,8
CUST0210,5,8544.35,2.8,2024-02-28,2023-04-09,Low Value,1,2,1,4
CUST0534,3,9790.0,4.67,2023-11-19,2023-04-18,Low Value,1,1,1,3
CUST0519,7,31475.05,4.29,2024-03-29,2023-02-16,Medium Value,4,3,4,11
CUST0168,10,25356.05,4.1,2024-05-30,2023-05-10,Medium Value,3,5,3,11
CUST0324,5,17336.7,3.8,2024-04-18,2023-04-22,Low Value,2,2,2,6
CUST1145,8,23753.0,3.75,2024-05-02,2023-01-21,Medium Value,3,4,3,10
CUST0219,4,12374.65,3.5,2024-05-15,2023-05-16,Low Value,1,1,1,3
CUST0554,14,44597.35,3.71,2024-03-04,2023-03-16,Medium Value,5,5,5,15
CUST1083,4,14673.05,2.5,2023-10-25,2023-03-02,Low Value,2,1,2,5
CUST0517,9,39643.1,3.33,2024-06-04,2023-02-21,Medium Value,5,5,5,15
CUST0328,5,16761.25,3.4,2024-02-26,2023-06-14,Low Value,2,2,2,6
CUST0203,9,41272.3,3.78,2024-06-07,2023-03-07,Medium Value,5,5,5,15
CUST0413,7,48926.05,3.57,2024-02-24,2023-02-06,Medium Value,5,3,5,13
CUST0130,5,13897.65,2.2,2024-06-17,2023-10-23,Low Value,1,2,1,4
CUST0693,6,14131.65,4.33,2024-06-17,2023-01-28,Medium Value,2,2,2,6
CUST0444,6,14399.55,3.83,2024-03-21,2023-04-13,Medium Value,2,2,2,6
CUST0123,10,26128.15,3.7,2024-06-01,2023-05-24,Medium Value,3,5,3,11
CUST0460,6,29401.05,4.0,2024-04-05,2023-06-04,Medium Value,4,2,4,10
CUST0284,11,40820.15,4.0,2024-05-08,2023-03-03,Medium Value,5,5,5,15
CUST0866,8,18340.85,4.38,2024-05-19,2023-04-22,Medium Value,2,4,2,8
CUST0588,6,25346.7,3.83,2024-03-31,2023-01-22,Medium Value,3,2,3,8
CUST1180,7,29171.55,3.57,2024-05-09,2023-02-11,Medium Value,4,3,4,11
CUST0598,11,36912.15,3.45,2024-06-06,2023-02-18,Medium Value,4,5,4,13
CUST0086,7,18601.75,3.57,2024-02-16,2023-02-20,Medium Value,2,3,2,7
CUST1058,10,24575.15,4.2,2024-06-12,2023-02-01,Medium Value,3,5,3,11
CUST0636,4,26127.5,3.0,2024-03-13,2023-05-07,Low Value,3,1,3,7
CUST0548,7,31759.0,3.86,2024-06-12,2023-03-29,Medium Value,4,3,4,11
CUST1166,3,13508.55,4.33,2023-10-30,2023-01-13,Low Value,1,1,1,3
CUST0346,8,30295.35,3.5,2024-05-31,2023-04-19,Medium Value,4,4,4,12
CUST0259,8,21833.7,3.5,2024-05-09,2023-02-03,Medium Value,3,4,3,10
CUST0296,8,23394.1,4.0,2024-04-30,2023-06-15,Medium Value,3,4,3,10
CUST0785,3,11433.4,4.67,2023-12-30,2023-01-23,Low Value,1,1,1,3
CUST0161,6,19521.8,3.33,2024-01-18,2023-04-11,Medium Value,2,2,2,6
CUST0646,8,24810.5,3.75,2023-08-30,2023-02-02,Medium Value,3,4,3,10
CUST1128,7,73396.5,4.14,2024-06-20,2023-01-10,Medium Value,5,3,5,13
CUST0600,14,60946.05,3.79,2024-03-31,2023-03-27,Medium Value,5,5,5,15
CUST1002,9,20284.8,4.22,2024-04-27,2023-01-06,Medium Value,3,5,3,11
CUST0093,8,28337.5,4.0,2024-05-22,2023-01-30,Medium Value,4,4,4,12
CUST0641,5,10784.9,4.0,2024-05-16,2023-01-18,Low Value,1,2,1,4
CUST0638,4,11932.8,2.75,2023-07-15,2023-03-31,Low Value,1,1,1,3
CUST0897,9,44406.75,3.78,2024-03-19,2023-08-14,Medium Value,5,5,5,15
CUST0372,9,33984.3,4.33,2024-06-08,2023-01-27,Medium Value,4,5,4,13
CUST0070,7,21473.3,3.86,2024-04-08,2023-08-23,Medium Value,3,3,3,9
CUST0922,7,20457.2,4.14,2024-02-26,2023-02-08,Medium Value,3,3,3,9
CUST0703,8,24819.3,4.5,2024-02-10,2023-01-27,Medium Value,3,4,3,10
CUST0989,7,57302.55,4.29,2024-06-12,2023-07-01,Medium Value,5,3,5,13
CUST0565,11,30074.0,3.73,2024-03-14,2023-02-19,Medium Value,4,5,4,13
CUST0911,8,17444.45,3.5,2024-03-15,2023-05-28,Medium Value,2,4,2,8
CUST0981,8,26330.95,3.75,2024-06-15,2023-01-20,Medium Value,4,4,4,12
CUST0348,5,36345.0,4.6,2024-02-13,2023-08-05,Low Value,4,2,4,10
CUST0462,4,15935.3,3.75,2024-06-15,2023-04-01,Low Value,2,1,2,5
CUST0615,6,20104.4,3.83,2024-06-10,2023-07-14,Medium Value,3,2,3,8
CUST0171,6,17456.85,4.17,2023-09-04,2023-03-10,Medium Value,2,2,2,6
CUST0323,6,11590.2,4.0,2023-11-27,2023-01-12,Medium Value,1,2,1,4
CUST0533,8,28952.85,4.13,2024-04-26,2023-04-24,Medium Value,4,4,4,12
CUST1035,5,14224.6,3.4,2024-04-25,2023-01-24,Low Value,2,2,2,6
CUST0488,6,19256.55,4.0,2024-03-18,2023-01-23,Medium Value,2,2,2,6
CUST0417,7,21822.6,3.71,2024-04-16,2023-04-15,Medium Value,3,3,3,9
CUST0786,9,27854.65,4.0,2024-05-25,2023-04-03,Medium Value,4,5,4,13
CUST1022,4,7671.8,3.25,2024-04-28,2023-05-31,Low Value,1,1,1,3
CUST0685,5,16331.05,3.6,2023-12-06,2023-01-07,Low Value,2,2,2,6
CUST0676,6,12044.65,4.33,2023-09-20,2023-03-12,Medium Value,1,2,1,4
CUST0664,3,6122.3,5.0,2024-04-14,2023-02-16,Low Value,1,1,1,3
CUST1026,6,17664.8,3.33,2023-12-08,2023-01-12,Medium Value,2,2,2,6
CUST0147,3,10124.5,4.33,2024-04-22,2023-01-16,Low Value,1,1,1,3
CUST0827,4,24276.5,4.5,2024-05-05,2023-02-01,Low Value,3,1,3,7
CUST0983,7,26762.65,3.86,2024-05-22,2023-04-06,Medium Value,4,3,4,11
CUST1061,3,10164.75,3.0,2024-05-09,2023-07-06,Low Value,1,1,1,3
CUST0935,6,10959.3,3.17,2024-05-13,2023-01-10,Medium Value,1,2,1,4
CUST0567,8,40145.95,4.13,2024-05-28,2023-04-24,Medium Value,5,4,5,14
CUST0562,4,45136.0,4.5,2024-06-17,2023-04-28,Low Value,5,1,5,11
CUST0041,10,33412.3,4.1,2024-04-10,2023-02-10,Medium Value,4,5,4,13
CUST1004,7,22501.7,4.43,2023-12-02,2023-02-12,Medium Value,3,3,3,9
CUST0065,10,30416.0,3.3,2024-06-11,2023-02-01,Medium Value,4,5,4,13
CUST0128,4,7716.2,4.5,2024-02-26,2023-02-11,Low Value,1,1,1,3
CUST0375,10,34018.2,4.2,2024-04-25,2023-02-06,Medium Value,4,5,4,13
CUST0169,4,14570.85,4.5,2024-06-24,2023-01-12,Low Value,2,1,2,5
CUST0516,7,36864.55,3.29,2024-04-17,2023-01-22,Medium Value,4,3,4,11
CUST0913,9,24323.5,3.89,2024-06-09,2023-02-17,Medium Value,3,5,3,11
CUST0947,9,18070.2,3.33,2024-06-24,2023-05-29,Medium Value,2,5,2,9
CUST0730,7,18147.6,3.29,2024-02-04,2023-01-08,Medium Value,2,3,2,7
CUST1095,7,25546.85,4.29,2024-01-14,2023-01-16,Medium Value,3,3,3,9
CUST0258,5,25407.3,3.6,2024-05-27,2023-04-24,Low Value,3,2,3,8
CUST0361,6,19590.25,4.17,2023-11-08,2023-01-28,Medium Value,3,2,3,8
CUST1102,3,13022.5,3.67,2024-05-25,2023-05-02,Low Value,1,1,1,3
CUST0131,4,13159.35,4.75,2024-03-19,2023-09-20,Low Value,1,1,1,3
CUST0845,8,18460.8,4.25,2024-05-17,2023-03-11,Medium Value,2,4,2,8
CUST0015,7,25966.7,4.0,2024-06-02,2023-02-18,Medium Value,3,3,3,9
CUST0056,7,12540.35,4.14,2024-04-26,2023-05-17,Medium Value,1,3,1,5
CUST0643,12,36291.5,3.75,2024-06-01,2023-04-01,Medium Value,4,5,4,13
CUST0303,8,30739.05,4.25,2024-06-12,2023-11-02,Medium Value,4,4,4,12
CUST0248,5,12646.95,2.6,2023-12-11,2023-02-24,Low Value,1,2,1,4
CUST0535,8,30404.0,3.13,2024-03-09,2023-02-04,Medium Value,4,4,4,12
CUST0061,7,22635.7,3.71,2024-02-12,2023-01-06,Medium Value,3,3,3,9
CUST0531,5,14434.0,4.0,2024-01-13,2023-05-10,Low Value,2,2,2,6
CUST0796,3,11182.85,3.33,2024-02-14,2023-04-17,Low Value,1,1,1,3
CUST0078,5,28178.1,3.4,2024-03-28,2023-05-07,Low Value,4,2,4,10
CUST0623,5,6796.95,3.6,2024-01-26,2023-04-05,Low Value,1,2,1,4
CUST0690,5,15460.05,4.0,2024-04-29,2023-10-16,Low Value,2,2,2,6
CUST0955,7,64280.55,4.29,2024-05-22,2023-03-05,Medium Value,5,3,5,13
CUST1131,8,25746.65,4.38,2024-06-13,2023-07-27,Medium Value,3,4,3,10
CUST0758,8,30003.55,3.63,2024-06-17,2023-04-21,Medium Value,4,4,4,12
CUST0344,7,17633.5,4.14,2024-01-17,2023-04-29,Medium Value,2,3,2,7
CUST0529,6,19761.8,4.0,2024-05-05,2023-02-04,Medium Value,3,2,3,8
CUST0184,7,18493.35,3.57,2024-02-16,2023-01-15,Medium Value,2,3,2,7
CUST0956,4,21597.9,2.75,2024-02-17,2023-11-11,Low Value,3,1,3,7
CUST0766,7,26816.6,4.0,2024-04-24,2023-02-26,Medium Value,4,3,4,11
CUST0744,6,17154.9,3.17,2024-01-02,2023-04-03,Medium Value,2,2,2,6
CUST0001,3,32688.85,3.33,2024-06-22,2023-04-13,Low Value,4,1,4,9
CUST0832,6,23507.1,3.5,2024-04-21,2023-01-25,Medium Value,3,2,3,8
CUST0201,10,67557.3,3.8,2024-04-20,2023-05-09,Medium Value,5,5,5,15
CUST0299,3,14091.0,3.33,2024-02-07,2023-06-14,Low Value,2,1,2,5
CUST0735,8,23508.05,4.13,2024-05-08,2023-03-18,Medium Value,3,4,3,10
CUST1028,7,18870.85,3.57,2024-03-25,2023-03-01,Medium Value,2,3,2,7
CUST0345,7,48702.55,4.14,2024-04-05,2023-01-07,Medium Value,5,3,5,13
CUST0920,6,13717.5,4.0,2024-06-04,2023-06-15,Medium Value,1,2,1,4
CUST0363,5,19803.6,3.4,2024-03-12,2023-03-14,Low Value,3,2,3,8
CUST1078,6,14974.6,4.67,2024-06-07,2023-03-10,Medium Value,2,3,2,7
CUST0993,12,39210.9,3.58,2024-02-22,2023-01-24,Medium Value,5,5,5,15
CUST0407,7,23991.35,4.0,2024-04-08,2023-05-27,Medium Value,3,3,3,9
CUST0681,8,37566.25,3.88,2024-04-26,2023-03-19,Medium Value,5,4,5,14
CUST0817,5,11966.7,3.6,2024-05-31,2023-01-16,Low Value,1,2,1,4
CUST0909,6,17891.3,3.17,2024-05-03,2023-08-15,Medium Value,2,3,2,7
CUST0434,4,18622.65,4.25,2023-11-22,2023-04-08,Low Value,2,1,2,5
CUST1065,8,41321.9,3.38,2024-04-01,2023-02-16,Medium Value,5,4,5,14
CUST0933,11,59098.2,3.55,2024-05-21,2023-02-19,Medium Value,5,5,5,15
CUST1143,6,14572.6,3.67,2024-01-02,2023-03-16,Medium Value,2,3,2,7
CUST0385,2,5437.1,4.0,2023-10-15,2023-07-01,Low Value,1,1,1,3
CUST0507,9,50760.95,3.89,2024-04-25,2023-02-16,Medium Value,5,5,5,15
CUST0120,7,23915.05,3.86,2024-05-28,2023-02-05,Medium Value,3,3,3,9
CUST0030,2,6529.35,4.5,2024-05-25,2023-12-25,Low Value,1,1,1,3
CUST0835,4,17633.15,3.5,2023-12-08,2023-07-11,Low Value,2,1,2,5
CUST0665,8,46027.05,4.5,2024-05-13,2023-01-22,Medium Value,5,4,5,14
CUST0023,7,18728.7,4.0,2024-05-31,2023-01-07,Medium Value,2,3,2,7
CUST0432,2,8363.1,4.5,2024-02-23,2023-09-21,Low Value,1,1,1,3
CUST0948,5,36273.15,3.6,2024-05-19,2023-02-24,Low Value,4,2,4,10
CUST0704,5,8627.7,3.8,2024-05-04,2023-05-02,Low Value,1,2,1,4
CUST0329,7,19479.6,4.14,2024-04-25,2023-01-06,Medium Value,2,3,2,7
CUST0906,6,18181.4,3.83,2024-02-10,2023-01-19,Medium Value,2,3,2,7
CUST0335,6,28877.9,4.33,2023-11-07,2023-02-21,Medium Value,4,3,4,11
CUST0840,8,24249.45,4.0,2024-05-09,2023-06-12,Medium Value,3,4,3,10
CUST0029,9,39060.0,3.44,2024-05-08,2023-03-13,Medium Value,5,5,5,15
CUST0804,9,31036.3,4.33,2024-05-05,2023-03-17,Medium Value,4,5,4,13
CUST1093,6,17188.75,3.83,2024-04-17,2023-02-21,Medium Value,2,3,2,7
CUST0024,7,27744.15,3.57,2024-06-08,2023-02-08,Medium Value,4,3,4,11
CUST0270,9,27580.25,3.67,2024-06-05,2023-02-11,Medium Value,4,5,4,13
CUST1198,6,42471.3,3.5,2024-05-29,2023-05-05,Medium Value,5,3,5,13
CUST0215,6,16654.3,3.67,2024-03-01,2023-03-10,Medium Value,2,3,2,7
CUST0579,7,19319.6,4.0,2024-05-06,2023-05-12,Medium Value,2,3,2,7
CUST0198,4,22107.9,4.25,2024-04-11,2023-01-24,Low Value,3,1,3,7
CUST0290,4,16004.25,3.5,2024-05-23,2023-02-25,Low Value,2,1,2,5
CUST1039,6,14589.9,3.5,2024-04-16,2023-02-07,Medium Value,2,3,2,7
CUST0050,6,26313.0,4.17,2024-04-25,2023-01-08,Medium Value,4,3,4,11
CUST0163,12,52718.35,3.5,2024-05-25,2023-01-22,Medium Value,5,5,5,15
CUST0485,4,13318.1,3.25,2024-05-15,2023-05-19,Low Value,1,1,1,3
CUST0145,3,3674.7,2.67,2024-05-18,2023-09-09,Low Value,1,1,1,3
CUST0925,12,48780.55,4.08,2024-05-26,2023-01-19,Medium Value,5,5,5,15
CUST0781,10,37307.6,4.7,2024-03-28,2023-03-25,Medium Value,5,5,5,15
CUST1077,9,19362.65,4.11,2024-06-11,2023-04-10,Medium Value,2,5,2,9
CUST0425,5,12336.3,4.2,2024-01-10,2023-06-16,Low Value,1,2,1,4
CUST0175,7,18461.45,3.14,2023-11-20,2023-02-09,Medium Value,2,3,2,7
CUST0080,7,14618.15,4.43,2024-06-24,2023-02-05,Medium Value,2,3,2,7
CUST1167,5,12868.05,4.8,2024-01-19,2023-02-11,Low Value,1,2,1,4
CUST0523,7,39513.75,3.57,2024-06-18,2023-01-23,Medium Value,5,3,5,13
CUST0522,10,29408.45,3.6,2024-06-12,2023-05-24,Medium Value,4,5,4,13
CUST1062,9,66975.7,3.67,2024-04-09,2023-05-25,Medium Value,5,5,5,15
CUST0181,6,11426.0,3.83,2024-01-06,2023-05-28,Medium Value,1,3,1,5
CUST0721,6,48100.8,4.0,2024-04-08,2023-05-28,Medium Value,5,3,5,13
CUST1190,11,36944.1,4.27,2024-04-18,2023-01-16,Medium Value,4,5,4,13
CUST0777,3,11412.15,3.67,2023-08-28,2023-01-22,Low Value,1,1,1,3
CUST0199,6,15954.25,3.5,2024-06-21,2023-05-18,Medium Value,2,3,2,7
CUST0265,6,27087.1,3.83,2024-05-26,2023-03-04,Medium Value,4,3,4,11
CUST0645,12,37421.7,3.75,2024-05-19,2023-03-12,Medium Value,5,5,5,15
CUST0853,5,20935.75,4.4,2024-04-10,2023-01-15,Low Value,3,2,3,8
CUST0398,6,12033.15,3.33,2024-02-13,2023-05-22,Medium Value,1,3,1,5
CUST0461,10,22141.55,3.7,2024-05-22,2023-02-12,Medium Value,3,5,3,11
CUST0823,6,27860.85,4.17,2024-02-17,2023-04-12,Medium Value,4,3,4,11
CUST0399,6,15279.4,4.0,2024-06-11,2023-02-09,Medium Value,2,3,2,7
CUST1168,6,24091.3,3.67,2024-02-23,2023-02-14,Medium Value,3,3,3,9
CUST1009,9,14002.7,4.11,2024-06-02,2023-01-20,Medium Value,2,5,2,9
CUST0016,5,41564.6,4.4,2024-04-28,2023-05-26,Low Value,5,2,5,12
CUST0794,6,8580.2,4.67,2024-02-19,2023-02-28,Medium Value,1,3,1,5
CUST0331,6,14212.45,4.33,2024-06-18,2023-01-22,Medium Value,2,3,2,7
CUST0213,10,31340.2,3.7,2024-04-21,2023-01-17,Medium Value,4,5,4,13
CUST0428,4,16209.0,4.0,2024-05-29,2023-05-19,Low Value,2,1,2,5
CUST0419,3,2276.4,3.33,2023-05-04,2023-03-21,Low Value,1,1,1,3
CUST0864,5,22513.5,3.2,2024-06-21,2023-01-08,Low Value,3,2,3,8
CUST0666,6,18348.65,3.33,2024-03-01,2023-01-12,Medium Value,2,3,2,7
CUST0403,11,31942.7,3.82,2024-06-04,2023-05-15,Medium Value,4,5,4,13
CUST0505,4,7837.5,3.5,2024-05-08,2023-05-13,Low Value,1,1,1,3
CUST0222,6,31478.2,4.17,2024-04-02,2023-02-18,Medium Value,4,3,4,11
CUST0315,5,15683.8,4.4,2024-01-31,2023-03-01,Low Value,2,2,2,6
CUST0972,5,20103.2,4.2,2024-03-12,2023-03-10,Low Value,3,2,3,8
CUST0708,2,1586.25,3.0,2024-04-21,2024-04-11,Low Value,1,1,1,3
CUST1037,7,20280.4,3.71,2024-01-21,2023-03-08,Medium Value,3,3,3,9
CUST0716,6,17317.25,3.5,2024-06-13,2023-01-26,Medium Value,2,3,2,7
CUST0509,8,27456.7,3.88,2024-06-18,2023-01-08,Medium Value,4,4,4,12
CUST0830,5,15810.6,3.8,2024-01-20,2023-02-13,Low Value,2,2,2,6
CUST0347,7,12133.6,3.71,2024-05-05,2023-01-10,Medium Value,1,3,1,5
CUST0883,4,9635.25,3.5,2024-02-28,2023-04-17,Low Value,1,1,1,3
CUST0677,8,27303.25,2.63,2024-06-04,2023-05-21,Medium Value,4,4,4,12
CUST0373,8,25499.2,3.38,2024-05-22,2023-03-03,Medium Value,3,4,3,10
CUST0377,11,30451.45,4.36,2024-03-22,2023-02-05,Medium Value,4,5,4,13
CUST0404,9,27255.95,3.89,2024-06-14,2023-01-12,Medium Value,4,5,4,13
CUST0244,4,16717.15,4.75,2024-02-11,2023-04-04,Low Value,2,1,2,5
CUST0614,7,35064.5,3.71,2024-04-24,2023-01-19,Medium Value,4,3,4,11
CUST0549,7,16752.45,3.71,2024-01-10,2023-01-08,Medium Value,2,3,2,7
CUST0627,5,25887.6,3.8,2024-04-12,2023-03-12,Low Value,3,2,3,8
CUST1149,3,16239.1,2.0,2024-01-04,2023-01-15,Low Value,2,1,2,5
CUST0742,8,28534.8,3.13,2024-04-05,2023-01-12,Medium Value,4,4,4,12
CUST1008,8,25148.55,3.0,2024-03-25,2023-01-12,Medium Value,3,4,3,10
CUST0295,3,22525.75,3.67,2024-05-04,2023-08-26,Low Value,3,1,3,7
CUST0966,9,18337.25,3.22,2024-04-15,2023-01-06,Medium Value,2,5,2,9
CUST0062,6,10695.5,3.5,2024-03-25,2023-01-08,Medium Value,1,3,1,5
CUST0376,9,30894.3,3.89,2024-05-26,2023-03-25,Medium Value,4,5,4,13
CUST0038,8,23346.2,3.5,2024-06-24,2023-01-14,Medium Value,3,4,3,10
CUST0634,8,21253.9,3.13,2024-06-08,2023-03-03,Medium Value,3,4,3,10
CUST1120,8,18905.4,4.13,2024-05-22,2023-03-10,Medium Value,2,4,2,8
CUST0455,7,17343.4,3.71,2024-04-22,2023-03-02,Medium Value,2,3,2,7
CUST0788,7,15885.75,3.86,2023-11-25,2023-03-10,Medium Value,2,3,2,7
CUST0034,10,27295.4,3.5,2024-05-28,2023-01-14,Medium Value,4,5,4,13
CUST0254,6,14587.9,3.83,2023-11-23,2023-06-04,Medium Value,2,3,2,7
CUST1154,3,9457.65,3.67,2024-01-05,2023-06-14,Low Value,1,1,1,3
CUST0957,5,24366.1,3.2,2024-06-10,2023-09-09,Low Value,3,2,3,8
CUST0907,2,3696.1,3.5,2023-12-04,2023-02-05,Low Value,1,1,1,3
CUST1153,1,3996.0,4.0,2023-04-05,2023-04-05,Low Value,1,1,1,3
CUST0990,5,24620.6,3.6,2024-02-24,2023-03-22,Low Value,3,2,3,8
CUST0891,5,21974.7,3.4,2024-05-30,2023-06-25,Low Value,3,2,3,8
CUST0424,6,21781.0,4.17,2024-04-20,2023-02-21,Medium Value,3,3,3,9
CUST1031,8,36311.7,3.5,2024-06-21,2023-08-31,Medium Value,4,4,4,12
CUST0311,1,718.2,1.0,2023-05-11,2023-05-11,Low Value,1,1,1,3
CUST0440,10,21822.1,3.7,2024-04-28,2023-04-04,Medium Value,3,5,3,11
CUST0729,4,28399.7,4.0,2023-12-27,2023-03-21,Low Value,4,1,4,9
CUST0494,8,27741.8,4.25,2024-06-05,2023-02-01,Medium Value,4,4,4,12
CUST0227,5,10548.6,4.8,2024-06-16,2023-03-02,Low Value,1,2,1,4
CUST0134,11,49254.0,3.91,2024-05-29,2023-03-30,Medium Value,5,5,5,15
CUST0590,3,13945.35,4.0,2023-06-11,2023-05-12,Low Value,1,1,1,3
CUST0838,5,13962.9,4.6,2024-06-24,2023-07-16,Low Value,1,2,1,4
CUST0626,6,21029.8,3.5,2024-03-14,2023-10-06,Medium Value,3,3,3,9
CUST0999,8,24320.55,3.0,2024-03-27,2023-01-18,Medium Value,3,4,3,10
CUST1181,7,23095.8,4.29,2024-02-05,2023-03-25,Medium Value,3,3,3,9
CUST0513,7,21844.45,4.14,2024-03-18,2023-03-10,Medium Value,3,3,3,9
CUST0657,5,23819.9,4.4,2023-07-25,2023-01-14,Low Value,3,2,3,8
CUST0526,3,4572.4,3.67,2024-05-30,2023-04-12,Low Value,1,1,1,3
CUST0408,6,29496.85,4.67,2024-05-16,2023-05-06,Medium Value,4,3,4,11
CUST0869,4,7787.35,4.0,2024-02-28,2023-02-26,Low Value,1,1,1,3
CUST0543,2,2621.25,3.5,2023-11-30,2023-09-11,Low Value,1,1,1,3
CUST0550,6,26685.55,4.0,2024-04-10,2023-01-24,Medium Value,4,3,4,11
CUST1096,6,22446.9,4.5,2024-04-23,2023-01-24,Medium Value,3,3,3,9
CUST0354,4,9306.05,3.5,2024-02-19,2023-02-23,Low Value,1,1,1,3
CUST0498,7,18339.3,4.0,2024-03-21,2023-04-20,Medium Value,2,3,2,7
CUST1165,9,28992.25,3.11,2024-05-02,2023-06-09,Medium Value,4,5,4,13
CUST0388,7,31665.4,2.86,2024-05-11,2023-03-10,Medium Value,4,3,4,11
CUST0074,2,2896.2,4.0,2024-05-08,2024-05-02,Low Value,1,1,1,3
CUST1060,5,19069.35,3.0,2024-06-20,2023-04-26,Low Value,2,2,2,6
CUST0820,6,10528.3,4.0,2024-06-01,2023-02-08,Medium Value,1,3,1,5
CUST0253,8,15861.75,3.5,2024-06-08,2023-01-19,Medium Value,2,4,2,8
CUST0790,2,3965.1,3.5,2024-01-18,2023-08-31,Low Value,1,1,1,3
CUST0439,2,7868.15,5.0,2023-07-30,2023-07-23,Low Value,1,1,1,3
CUST0818,7,17002.8,4.43,2024-03-16,2023-03-14,Medium Value,2,3,2,7
CUST0443,5,32809.45,3.4,2024-02-05,2023-09-24,Low Value,4,2,4,10
CUST1087,5,19809.9,4.2,2024-06-20,2023-06-08,Low Value,3,2,3,8
CUST0179,9,19246.8,3.89,2024-03-20,2023-02-04,Medium Value,2,5,2,9
CUST1063,3,7738.35,3.67,2024-02-17,2023-02-06,Low Value,1,1,1,3
CUST0442,5,18763.3,4.2,2024-03-23,2023-01-06,Low Value,2,2,2,6
CUST0389,3,7134.9,3.67,2023-06-13,2023-06-06,Low Value,1,1,1,3
CUST0918,6,18694.6,3.67,2024-03-31,2023-06-02,Medium Value,2,3,2,7
CUST0953,3,6454.95,3.33,2024-01-27,2023-03-01,Low Value,1,1,1,3
CUST1054,3,5468.15,3.67,2024-03-08,2023-03-02,Low Value,1,1,1,3
CUST0285,5,21097.25,3.6,2024-03-15,2023-01-27,Low Value,3,2,3,8
CUST0059,7,23054.5,4.14,2024-06-10,2023-06-12,Medium Value,3,3,3,9
CUST0358,4,30170.05,4.25,2023-10-23,2023-08-08,Low Value,4,1,4,9
CUST0686,6,22957.55,4.33,2024-06-18,2023-03-03,Medium Value,3,3,3,9
CUST0364,2,4277.45,2.0,2024-05-16,2023-07-17,Low Value,1,1,1,3
CUST0773,2,8354.4,3.5,2024-03-13,2023-12-01,Low Value,1,1,1,3
CUST0726,4,13315.55,4.0,2024-04-03,2023-03-04,Low Value,1,1,1,3
CUST1047,8,65604.35,3.88,2024-06-05,2023-01-29,Medium Value,5,4,5,14
CUST0797,8,76212.9,3.88,2024-01-20,2023-02-20,Medium Value,5,4,5,14
CUST0197,5,28553.35,4.0,2024-02-05,2023-03-08,Low Value,4,2,4,10
CUST0111,9,28696.4,3.89,2024-05-11,2023-05-07,Medium Value,4,5,4,13
CUST0870,6,13959.2,3.67,2024-06-11,2023-02-10,Medium Value,1,3,1,5
CUST0987,4,11102.15,2.75,2024-01-19,2023-06-04,Low Value,1,1,1,3
CUST1094,6,9316.85,4.5,2024-04-22,2023-03-24,Medium Value,1,3,1,5
CUST0930,2,4186.3,4.5,2024-01-26,2023-06-11,Low Value,1,1,1,3
CUST0732,6,11454.1,3.5,2024-05-15,2023-01-07,Medium Value,1,3,1,5
CUST1156,1,1998.0,1.0,2024-05-02,2024-05-02,Low Value,1,1,1,3
CUST0738,7,21496.5,3.86,2023-11-13,2023-02-17,Medium Value,3,3,3,9
CUST0380,3,9921.65,2.67,2024-05-11,2023-01-30,Low Value,1,1,1,3
CUST0699,5,11220.2,4.2,2024-04-15,2023-04-10,Low Value,1,2,1,4
CUST0101,5,23605.35,3.6,2024-05-30,2023-04-14,Low Value,3,2,3,8
CUST0837,3,4191.45,4.0,2024-04-15,2023-07-26,Low Value,1,1,1,3
CUST1033,6,19596.25,4.17,2024-05-27,2023-09-15,Medium Value,3,3,3,9
CUST1048,5,34492.35,4.2,2023-09-29,2023-02-02,Low Value,4,2,4,10
CUST1097,3,13619.7,4.33,2024-01-02,2023-03-02,Low Value,1,1,1,3
CUST0743,2,28194.0,4.5,2024-06-22,2024-01-05,Low Value,4,1,4,9
CUST0043,2,2694.6,4.5,2023-10-23,2023-05-24,Low Value,1,1,1,3
CUST0630,6,12496.65,3.0,2024-06-01,2023-04-27,Medium Value,1,3,1,5
CUST0584,5,13399.05,3.6,2024-06-24,2023-06-14,Low Value,1,2,1,4
CUST0122,5,13785.9,4.2,2023-12-11,2023-02-08,Low Value,1,2,1,4
CUST0118,7,18417.55,4.0,2024-06-09,2023-01-06,Medium Value,2,3,2,7
CUST0409,2,5094.0,4.0,2023-11-21,2023-01-08,Low Value,1,1,1,3
CUST1044,11,46707.0,3.73,2024-06-14,2023-01-15,Medium Value,5,5,5,15
CUST0881,3,8066.85,3.67,2024-03-14,2023-03-01,Low Value,1,1,1,3
CUST0010,7,17532.7,3.29,2024-06-15,2023-01-25,Medium Value,2,3,2,7
CUST0052,3,5004.45,4.33,2023-06-26,2023-02-17,Low Value,1,1,1,3
CUST1112,5,20765.25,4.4,2024-05-18,2023-05-04,Low Value,3,2,3,8
CUST0368,3,8375.55,4.0,2024-02-09,2023-01-11,Low Value,1,1,1,3
CUST0561,7,24737.0,4.29,2024-06-08,2023-05-11,Medium Value,3,3,3,9
CUST0655,2,6134.4,4.5,2024-05-11,2023-05-15,Low Value,1,1,1,3
CUST0971,5,11807.1,4.0,2024-06-13,2023-02-09,Low Value,1,2,1,4
CUST0257,3,6132.15,3.0,2023-10-21,2023-03-24,Low Value,1,1,1,3
CUST1184,6,22827.55,3.83,2024-04-23,2023-04-08,Medium Value,3,3,3,9
CUST0759,2,2417.4,4.5,2024-06-02,2023-05-31,Low Value,1,1,1,3
CUST0126,5,18092.7,3.4,2023-12-12,2023-06-08,Low Value,2,2,2,6
CUST1175,6,46258.45,4.5,2024-04-15,2023-04-29,Medium Value,5,3,5,13
CUST0351,4,24746.2,4.5,2024-01-05,2023-03-11,Low Value,3,1,3,7
CUST0669,2,4155.0,5.0,2024-04-05,2023-01-30,Low Value,1,1,1,3
CUST0524,1,2847.15,4.0,2023-04-29,2023-04-29,Low Value,1,1,1,3
CUST0116,3,6965.35,4.33,2023-10-18,2023-05-24,Low Value,1,1,1,3
CUST0470,5,50588.85,3.8,2024-01-12,2023-03-21,Low Value,5,2,5,12
CUST0826,1,1596.0,4.0,2023-05-27,2023-05-27,Low Value,1,1,1,3
CUST0482,3,7965.45,4.33,2024-04-13,2023-08-10,Low Value,1,1,1,3
CUST1084,2,3781.65,4.0,2023-10-17,2023-05-05,Low Value,1,1,1,3
CUST0996,2,8535.0,4.0,2024-01-04,2023-10-15,Low Value,1,1,1,3
CUST0182,5,15953.7,4.0,2024-02-20,2023-06-15,Low Value,2,2,2,6
CUST1188,3,5084.6,4.33,2023-12-06,2023-02-07,Low Value,1,1,1,3
CUST0530,5,5746.1,4.4,2024-04-25,2023-01-21,Low Value,1,2,1,4
CUST0594,5,19226.75,3.4,2024-05-05,2023-02-25,Low Value,2,2,2,6
CUST0842,4,22686.15,4.75,2024-01-26,2023-02-09,Low Value,3,1,3,7
CUST0752,3,6231.6,4.0,2024-03-17,2023-04-13,Low Value,1,1,1,3
CUST0511,3,36691.5,2.0,2024-06-23,2023-04-16,Low Value,4,1,4,9
CUST1036,4,10128.15,4.25,2024-05-14,2023-04-30,Low Value,1,1,1,3
CUST0748,7,25321.2,3.14,2024-05-05,2023-01-30,Medium Value,3,3,3,9
CUST0054,4,12910.0,4.0,2024-01-28,2023-01-18,Low Value,1,1,1,3
CUST0136,3,8121.3,4.0,2024-01-10,2023-07-29,Low Value,1,1,1,3
CUST0477,5,11456.1,3.6,2023-12-31,2023-02-24,Low Value,1,2,1,4
CUST0862,5,10600.4,3.6,2024-03-24,2023-02-23,Low Value,1,2,1,4
CUST0340,3,6484.35,5.0,2024-05-08,2023-08-08,Low Value,1,1,1,3
CUST0216,3,4442.5,4.33,2023-12-09,2023-04-18,Low Value,1,1,1,3
CUST0242,1,8999.0,3.0,2023-05-23,2023-05-23,Low Value,1,1,1,3
CUST0109,1,1424.25,3.0,2023-06-15,2023-06-15,Low Value,1,1,1,3
CUST0889,1,7645.75,5.0,2023-07-18,2023-07-18,Low Value,1,1,1,3
CUST0811,1,9996.0,5.0,2023-09-08,2023-09-08,Low Value,1,1,1,3
CUST0528,1,4416.6,2.0,2023-01-16,2023-01-16,Low Value,1,1,1,3
