customer_id,total_orders,lifetime_value,last_order_date,avg_rating,churn_risk
CUST0343,9,52406.9,2024-05-05,4.33,Loyal
CUST0060,9,40487.0,2024-02-22,4.33,Loyal
CUST1068,11,37497.9,2024-06-10,3.82,Loyal
CUST0659,4,14231.55,2023-07-23,3.75,Stable
CUST1117,5,46214.0,2024-01-09,4.8,Stable
CUST0751,7,16796.55,2024-04-22,3.43,Stable
CUST1139,10,52184.95,2024-04-22,4.1,Loyal
CUST0651,8,58839.65,2024-06-12,3.63,Loyal
CUST0426,5,13020.65,2024-02-12,3.0,Stable
CUST0670,10,21118.2,2024-06-24,4.3,Loyal
CUST0063,7,17251.95,2024-04-09,4.14,Stable
CUST0484,9,28661.3,2024-06-14,4.22,Loyal
CUST0520,9,30629.25,2024-06-10,3.89,Loyal
CUST0872,7,46591.2,2024-04-01,3.86,Stable
CUST0968,8,23318.1,2024-06-16,3.25,Loyal
CUST0457,9,95033.0,2024-02-26,3.89,Loyal
CUST0649,7,19585.45,2024-04-22,3.71,Stable
CUST0381,9,29047.65,2023-10-20,4.0,Loyal
CUST0019,5,20030.4,2024-06-22,3.2,Stable
CUST1081,7,17325.3,2024-05-21,3.86,Stable
CUST0297,3,11064.65,2024-04-09,5.0,At Risk
CUST0144,5,14602.05,2024-05-05,3.6,Stable
CUST0310,9,67568.3,2024-05-12,3.22,Loyal
CUST0867,9,61260.85,2024-06-07,4.11,Loyal
CUST0352,7,32808.55,2024-06-10,4.43,Stable
CUST0628,7,62742.0,2024-06-02,3.43,Stable
CUST0221,6,25180.4,2024-05-17,4.33,Stable
CUST0736,8,20247.5,2024-06-05,4.0,Loyal
CUST0395,10,47003.7,2024-06-11,3.5,Loyal
CUST0448,9,27833.15,2024-04-12,3.44,Loyal
CUST0209,8,27979.9,2024-04-27,4.38,Loyal
CUST0546,7,15565.3,2024-04-05,4.57,Stable
CUST0874,6,19040.25,2024-02-12,4.17,Stable
CUST0783,13,30364.4,2023-12-21,3.92,Loyal
CUST0464,9,41988.95,2024-05-20,4.0,Loyal
CUST1164,7,15098.45,2024-06-17,3.86,Stable
CUST0597,6,38743.7,2024-05-01,4.5,Stable
CUST0355,4,7063.85,2023-08-31,3.5,Stable
CUST0370,11,25220.8,2024-04-17,4.45,Loyal
CUST0154,10,36584.95,2024-04-27,3.6,Loyal
CUST0660,7,16490.4,2024-03-13,3.43,Stable
CUST0102,9,50599.55,2023-11-06,4.0,Loyal
CUST0367,11,52816.05,2024-03-16,4.18,Loyal
CUST0652,9,38136.85,2024-04-21,3.56,Loyal
CUST0450,6,17338.65,2024-03-04,3.5,Stable
CUST0850,10,64293.05,2024-04-22,2.9,Loyal
CUST0661,8,21530.55,2024-04-03,4.0,Loyal
CUST1125,12,60583.7,2024-05-01,3.75,Loyal
CUST0960,12,46674.85,2024-05-18,3.08,Loyal
CUST0032,7,21681.0,2024-05-17,3.0,Stable
CUST1010,6,45754.9,2024-04-08,3.0,Stable
CUST0269,12,43597.55,2024-06-07,4.0,Loyal
CUST0194,5,12540.0,2024-06-22,3.8,Stable
CUST0394,9,29676.45,2024-06-05,3.67,Loyal
CUST0604,6,46920.0,2024-05-22,3.33,Stable
CUST1132,6,16528.05,2024-04-28,4.17,Stable
CUST0104,11,31895.8,2024-06-11,4.0,Loyal
CUST0476,5,46332.1,2024-05-09,4.4,Stable
CUST0938,8,19433.55,2024-05-06,3.13,Loyal
CUST0814,8,18563.1,2024-06-18,3.63,Loyal
CUST0341,4,11282.1,2024-04-15,3.75,Stable
CUST0583,8,20853.45,2024-03-16,4.0,Loyal
CUST1015,12,47667.3,2024-05-17,3.83,Loyal
CUST0551,7,21217.45,2024-03-05,4.29,Stable
CUST0261,5,8484.05,2024-02-17,4.2,Stable
CUST0833,7,25720.7,2024-06-04,3.71,Stable
CUST0559,10,36774.15,2024-05-22,3.7,Loyal
CUST0612,4,8641.5,2023-10-16,3.0,Stable
CUST0678,13,48332.95,2024-06-10,3.69,Loyal
CUST0353,15,44054.3,2024-05-22,3.93,Loyal
CUST0004,10,34920.8,2024-03-10,3.2,Loyal
CUST0142,7,31827.5,2024-03-27,3.57,Stable
CUST0807,10,41613.7,2024-06-11,4.0,Loyal
CUST0150,11,19975.85,2024-05-24,3.45,Loyal
CUST0795,5,15492.55,2024-06-18,4.0,Stable
CUST0217,10,34652.45,2024-06-09,4.2,Loyal
CUST1064,8,34773.25,2024-06-17,4.13,Loyal
CUST1049,7,22774.9,2024-05-12,3.86,Stable
CUST0314,10,31789.85,2024-03-22,4.0,Loyal
CUST0125,12,41218.55,2024-04-04,4.0,Loyal
CUST1066,11,36586.95,2024-04-10,3.73,Loyal
CUST0952,8,35490.9,2024-05-28,4.75,Loyal
CUST0621,10,47153.25,2024-04-16,4.3,Loyal
CUST0055,9,48055.55,2024-05-14,3.44,Loyal
CUST0224,6,10996.2,2024-03-25,3.67,Stable
CUST0400,6,15720.65,2024-06-02,4.0,Stable
CUST1141,11,57096.6,2024-06-15,4.0,Loyal
CUST1110,7,53663.8,2024-05-31,4.14,Stable
CUST0438,9,20207.9,2024-06-12,3.44,Loyal
CUST1177,9,26283.4,2024-06-10,3.89,Loyal
CUST0481,11,51266.0,2024-06-21,3.55,Loyal
CUST0849,8,43323.3,2024-05-06,3.75,Loyal
CUST0021,3,3029.55,2024-05-12,4.67,At Risk
CUST0366,9,17401.5,2024-06-21,3.67,Loyal
CUST0472,8,25815.0,2024-04-11,4.38,Loyal
CUST0558,4,10921.85,2024-04-22,3.25,Stable
CUST0420,6,81515.4,2024-03-07,3.17,Stable
CUST0365,7,14724.95,2024-05-21,3.71,Stable
CUST0252,11,29177.25,2024-05-06,3.36,Loyal
CUST1082,6,18085.05,2024-05-14,4.33,Stable
CUST0515,9,27017.05,2024-06-24,3.89,Loyal
CUST0763,6,17428.4,2023-11-07,3.17,Stable
CUST0798,7,27844.5,2024-04-29,3.29,Stable
CUST0876,6,19252.0,2024-06-17,3.83,Stable
CUST0637,7,12855.5,2024-05-25,4.29,Stable
CUST0151,4,10724.25,2023-06-13,4.75,Stable
CUST0452,10,27282.5,2024-06-23,4.1,Loyal
CUST0793,3,8866.55,2024-06-06,4.33,At Risk
CUST0302,9,21498.3,2024-04-20,4.44,Loyal
CUST0207,7,26907.3,2024-03-27,4.0,Stable
CUST0789,6,19661.1,2024-05-30,4.33,Stable
CUST0441,4,13520.85,2023-11-30,3.75,Stable
CUST0459,12,82624.45,2024-03-05,3.75,Loyal
CUST1043,7,17916.55,2024-05-13,4.43,Stable
CUST1072,8,35939.7,2024-04-01,3.75,Loyal
CUST0527,8,34648.15,2024-05-19,4.13,Loyal
CUST0378,11,37121.5,2024-04-19,4.09,Loyal
CUST0196,8,17121.1,2024-03-19,4.0,Loyal
CUST0944,11,46091.0,2024-04-01,4.0,Loyal
CUST1029,8,36429.95,2024-06-16,3.38,Loyal
CUST0713,5,22856.85,2024-05-31,4.4,Stable
CUST0784,7,28877.0,2023-12-26,3.57,Stable
CUST0663,7,35168.95,2024-05-31,4.14,Stable
CUST0374,6,23577.45,2024-06-03,3.5,Stable
CUST0082,9,71755.7,2024-05-27,3.78,Loyal
CUST1191,6,10668.75,2024-05-26,4.5,Stable
CUST0493,6,15613.3,2024-06-13,3.83,Stable
CUST0342,5,42764.7,2024-05-09,4.0,Stable
CUST0496,9,35723.05,2024-04-17,4.33,Loyal
CUST0083,12,59474.85,2024-05-27,3.58,Loyal
CUST0271,10,53190.15,2024-06-13,3.8,Loyal
CUST0654,7,26790.9,2024-05-10,4.0,Stable
CUST0787,7,21478.1,2024-03-23,3.86,Stable
CUST1192,11,35623.95,2024-06-19,4.36,Loyal
CUST0433,9,41793.95,2024-04-25,3.78,Loyal
CUST1070,6,14793.75,2024-04-19,4.0,Stable
CUST0903,8,18883.15,2024-04-02,3.38,Loyal
CUST0133,11,37114.35,2024-06-23,3.45,Loyal
CUST0672,7,13698.2,2024-05-22,4.14,Stable
CUST0279,8,10072.55,2024-03-16,4.0,Loyal
CUST1045,8,21796.9,2024-06-01,4.13,Loyal
CUST0495,10,21511.8,2024-05-02,4.6,Loyal
CUST0992,11,44892.65,2024-06-11,4.09,Loyal
CUST0289,12,44483.7,2024-05-14,3.75,Loyal
CUST0008,7,21909.7,2024-06-11,3.86,Stable
CUST1071,9,34556.8,2024-06-13,3.56,Loyal
CUST0220,5,19078.65,2023-12-20,3.4,Stable
CUST0069,7,21141.15,2024-06-02,3.57,Stable
CUST0333,9,24102.05,2024-04-07,4.0,Loyal
CUST0572,11,38440.85,2024-06-13,3.82,Loyal
CUST0908,14,63724.45,2024-04-24,3.43,Loyal
CUST0064,4,16072.25,2024-03-29,4.5,Stable
CUST0411,8,33174.75,2024-05-24,4.5,Loyal
CUST0575,11,40243.35,2024-05-28,4.0,Loyal
CUST1014,6,25015.8,2023-09-24,4.33,Stable
CUST0139,7,20803.2,2024-03-04,3.57,Stable
CUST1069,4,4604.2,2023-11-29,4.0,Stable
CUST0160,6,48341.45,2024-05-16,4.0,Stable
CUST1127,10,61215.0,2024-06-23,4.3,Loyal
CUST0712,11,59627.95,2024-04-18,3.73,Loyal
CUST0106,12,41611.45,2024-05-27,3.92,Loyal
CUST0338,9,22439.25,2024-05-16,3.67,Loyal
CUST0569,11,30184.65,2024-06-12,3.09,Loyal
CUST0675,10,42549.3,2024-06-12,3.3,Loyal
CUST0204,6,9068.1,2024-06-12,4.33,Stable
CUST0031,5,12597.2,2024-02-10,4.6,Stable
CUST0002,11,69831.35,2024-04-29,3.73,Loyal
CUST0587,8,20265.15,2024-04-30,4.25,Loyal
CUST0589,13,53831.65,2024-06-21,3.54,Loyal
CUST0778,13,58410.6,2024-06-13,3.85,Loyal
CUST0077,10,32427.1,2024-05-10,3.7,Loyal
CUST0969,11,35119.95,2024-04-07,4.18,Loyal
CUST0647,5,17833.5,2024-01-31,4.0,Stable
CUST0619,5,16806.7,2024-06-22,3.8,Stable
CUST1176,7,25913.0,2024-05-09,3.43,Stable
CUST1187,13,40568.75,2024-05-22,3.69,Loyal
CUST1076,4,9379.45,2024-02-09,4.0,Stable
CUST0489,7,15873.7,2024-03-18,4.0,Stable
CUST0088,5,9759.3,2024-03-18,4.0,Stable
CUST0904,11,20679.5,2024-05-08,3.82,Loyal
CUST0564,9,21696.0,2024-05-22,3.56,Loyal
CUST0096,15,82198.15,2024-06-09,4.0,Loyal
CUST0800,8,19783.85,2024-05-31,3.63,Loyal
CUST1111,10,48826.85,2024-05-28,3.8,Loyal
CUST1000,9,63131.8,2024-06-24,4.22,Loyal
CUST0119,9,32044.0,2023-11-10,3.22,Loyal
CUST1136,9,50413.55,2024-06-04,3.89,Loyal
CUST0027,8,20921.5,2024-06-21,3.75,Loyal
CUST0469,6,19072.55,2024-06-04,4.0,Stable
CUST0754,9,18901.05,2024-06-11,4.0,Loyal
CUST0247,8,38501.25,2024-04-15,4.0,Loyal
CUST0277,7,41970.9,2024-04-11,3.57,Stable
CUST0943,7,19901.55,2024-05-03,3.86,Stable
CUST0431,5,14463.6,2024-04-07,4.0,Stable
CUST0273,4,18287.65,2024-05-27,4.0,Stable
CUST1089,8,39269.9,2024-05-17,4.38,Loyal
CUST0430,9,40294.55,2024-06-16,4.44,Loyal
CUST0456,6,15341.25,2023-11-29,4.17,Stable
CUST0045,7,16674.7,2024-05-04,3.43,Stable
CUST0671,4,14566.15,2023-11-13,3.5,Stable
CUST1017,8,19879.8,2024-06-12,4.25,Loyal
CUST0844,4,15458.1,2023-12-27,3.5,Stable
CUST0508,13,37843.65,2024-03-07,3.62,Loyal
CUST1088,10,41216.95,2024-04-10,3.0,Loyal
CUST1067,7,19941.4,2024-05-28,3.86,Stable
CUST1169,6,16138.05,2024-02-07,3.83,Stable
CUST0422,10,31881.0,2024-06-09,4.1,Loyal
CUST1053,9,42660.15,2024-06-09,3.89,Loyal
CUST0606,9,46854.1,2024-05-26,4.0,Loyal
CUST0684,8,28348.1,2024-06-21,3.5,Loyal
CUST0330,5,17040.65,2024-05-31,3.8,Stable
CUST0731,4,22238.65,2024-03-02,2.75,Stable
CUST0880,7,15010.15,2024-02-08,4.29,Stable
CUST1108,13,56042.3,2024-06-02,3.38,Loyal
CUST0473,6,25133.9,2024-05-12,3.67,Stable
CUST0334,10,36261.25,2024-04-11,3.8,Loyal
CUST1109,10,19295.2,2024-04-11,4.1,Loyal
CUST0105,10,33065.85,2024-02-28,3.7,Loyal
CUST0402,13,65806.85,2024-02-08,3.92,Loyal
CUST0536,9,18888.6,2024-05-14,4.0,Loyal
CUST1199,8,74456.4,2024-04-21,4.38,Loyal
CUST0635,9,19879.15,2024-06-05,3.78,Loyal
CUST0828,7,32809.8,2024-04-07,4.14,Stable
CUST0756,10,41353.05,2024-06-17,4.0,Loyal
CUST0449,6,15592.6,2024-05-02,3.17,Stable
CUST0602,9,21150.05,2024-02-14,3.78,Loyal
CUST0068,7,48805.35,2024-03-28,4.14,Stable
CUST0779,7,48245.6,2024-06-10,4.0,Stable
CUST0274,13,63928.05,2024-06-14,3.85,Loyal
CUST0574,9,19268.4,2024-03-02,3.33,Loyal
CUST0240,8,17563.85,2024-06-03,3.25,Loyal
CUST0260,13,61399.3,2024-04-17,3.69,Loyal
CUST0688,10,33789.2,2024-06-09,3.8,Loyal
CUST0812,5,15093.3,2023-07-30,2.6,Stable
CUST0073,11,89796.1,2024-05-30,3.55,Loyal
CUST0091,8,26840.8,2024-05-27,3.75,Loyal
CUST1163,5,22848.7,2024-04-20,4.2,Stable
CUST0007,10,42960.9,2024-04-25,3.6,Loyal
CUST1107,8,16844.3,2024-02-21,3.63,Loyal
CUST0919,6,13626.85,2024-05-05,3.67,Stable
CUST0683,6,19647.05,2024-06-18,3.17,Stable
CUST1159,2,3151.35,2024-04-18,4.5,At Risk
CUST0662,8,45468.3,2024-06-24,3.88,Loyal
CUST0514,11,41954.1,2024-06-06,4.64,Loyal
CUST1018,12,32783.05,2024-04-28,4.33,Loyal
CUST0180,7,20124.9,2024-04-30,4.29,Stable
CUST0888,9,33283.15,2024-01-31,4.11,Loyal
CUST1146,6,16623.3,2024-03-04,4.33,Stable
CUST0239,6,17495.45,2024-03-12,4.0,Stable
CUST0238,10,30460.95,2024-06-16,3.2,Loyal
CUST0173,8,24805.95,2024-06-08,3.63,Loyal
CUST1007,10,35663.35,2024-06-17,3.8,Loyal
CUST1042,12,29150.3,2024-06-16,3.75,Loyal
CUST0362,9,51639.15,2024-02-10,4.0,Loyal
CUST0525,10,58162.35,2024-05-20,4.1,Loyal
CUST1080,8,54658.35,2024-05-02,3.88,Loyal
CUST0039,6,13704.65,2023-12-13,3.33,Stable
CUST0940,6,16284.65,2024-05-20,4.0,Stable
CUST0914,8,23768.5,2024-06-10,4.25,Loyal
CUST0668,11,24126.55,2024-05-30,4.09,Loyal
CUST0653,6,19734.3,2024-06-02,3.83,Stable
CUST0843,10,43674.9,2024-04-26,3.7,Loyal
CUST0578,13,39944.7,2024-03-28,4.31,Loyal
CUST0272,8,20966.45,2024-01-19,4.38,Loyal
CUST0755,6,12164.0,2024-05-26,4.33,Stable
CUST0808,6,15511.65,2024-04-22,4.0,Stable
CUST0553,8,22434.9,2024-05-29,3.5,Loyal
CUST0012,7,30317.9,2024-05-24,3.71,Stable
CUST0397,8,24602.95,2024-02-22,3.63,Loyal
CUST0192,13,64206.4,2024-04-18,4.23,Loyal
CUST0929,11,36224.9,2024-05-10,3.45,Loyal
CUST0728,13,30852.4,2024-06-03,3.54,Loyal
CUST0724,4,5458.35,2023-12-31,3.0,Stable
CUST1056,10,26542.9,2024-06-21,3.2,Loyal
CUST0792,6,13948.15,2023-12-04,3.5,Stable
CUST0979,5,12975.15,2024-05-29,4.4,Stable
CUST1172,9,40490.25,2024-04-11,3.56,Loyal
CUST1046,12,64036.05,2024-01-08,4.08,Loyal
CUST0097,10,30770.75,2024-04-01,3.9,Loyal
CUST0885,5,8672.55,2024-02-17,4.0,Stable
CUST0211,11,47896.65,2024-06-01,3.91,Loyal
CUST1079,6,33691.3,2024-06-10,3.33,Stable
CUST0405,5,17025.35,2024-06-17,3.6,Stable
CUST0246,9,24766.15,2024-06-02,4.11,Loyal
CUST1105,8,23955.4,2024-05-27,3.88,Loyal
CUST0369,5,16161.05,2024-06-08,2.8,Stable
CUST0243,9,69611.6,2024-03-03,3.44,Loyal
CUST0620,9,21901.3,2024-05-01,4.44,Loyal
CUST0467,8,23189.0,2024-05-14,3.88,Loyal
CUST0423,9,82557.0,2024-04-05,3.56,Loyal
CUST1052,8,25441.55,2024-03-18,3.5,Loyal
CUST1171,7,19085.35,2024-04-22,4.14,Stable
CUST0114,7,23940.9,2024-06-02,4.0,Stable
CUST0327,10,24005.4,2024-04-13,3.7,Loyal
CUST0639,3,11978.55,2024-05-24,4.67,At Risk
CUST0371,8,40602.95,2024-06-19,3.75,Loyal
CUST1099,4,19605.7,2024-05-28,3.5,Stable
CUST0396,6,76783.8,2024-03-29,3.33,Stable
CUST0437,6,15742.05,2024-02-07,4.33,Stable
CUST0976,7,17457.25,2024-05-03,4.0,Stable
CUST1055,6,26715.95,2024-06-22,4.17,Stable
CUST0893,10,26920.4,2024-04-25,4.2,Loyal
CUST0674,7,33254.65,2024-04-29,3.57,Stable
CUST0537,14,76513.1,2024-06-12,4.07,Loyal
CUST0896,8,21500.6,2024-06-01,4.25,Loyal
CUST0236,8,41378.45,2024-06-19,3.75,Loyal
CUST1013,12,56429.5,2024-06-22,4.0,Loyal
CUST1059,10,61006.0,2024-06-16,3.9,Loyal
CUST1147,4,12834.35,2024-04-02,3.5,Stable
CUST1041,7,33356.05,2024-06-23,4.43,Stable
CUST0153,6,14319.5,2024-05-11,4.0,Stable
CUST0005,9,31088.7,2024-06-14,4.33,Loyal
CUST0185,8,35829.9,2024-06-06,3.75,Loyal
CUST0231,13,41089.0,2024-04-16,3.69,Loyal
CUST0767,10,25569.5,2024-04-13,4.4,Loyal
CUST0774,6,47411.0,2024-05-17,4.33,Stable
CUST0241,4,13753.95,2024-02-25,3.75,Stable
CUST0463,7,16124.9,2024-06-06,4.43,Stable
CUST0283,9,31010.5,2024-04-29,3.89,Loyal
CUST0256,8,33998.85,2024-03-13,3.88,Loyal
CUST0709,4,10620.5,2023-11-26,3.75,Stable
CUST0006,9,24274.2,2024-05-12,4.11,Loyal
CUST0143,5,12368.1,2024-01-14,4.4,Stable
CUST0644,5,27744.7,2024-05-27,3.2,Stable
CUST0140,8,26135.3,2024-04-01,4.0,Loyal
CUST0191,10,28588.5,2024-06-13,3.9,Loyal
CUST0875,7,22642.45,2024-03-02,3.71,Stable
CUST1162,10,71790.1,2024-04-20,4.4,Loyal
CUST0089,4,16743.75,2024-01-08,3.5,Stable
CUST0629,9,34458.1,2024-04-26,4.22,Loyal
CUST0512,5,18974.7,2024-04-24,3.4,Stable
CUST0568,5,16504.85,2024-03-30,4.2,Stable
CUST1106,13,30118.55,2024-06-04,3.85,Loyal
CUST0715,6,26995.2,2024-04-03,3.67,Stable
CUST0152,9,27859.9,2024-05-10,3.44,Loyal
CUST1179,13,45196.75,2024-06-08,4.08,Loyal
CUST0605,6,22338.75,2024-05-26,4.17,Stable
CUST0769,10,23096.4,2024-06-22,4.1,Loyal
CUST0886,6,28029.15,2024-04-29,4.0,Stable
CUST0300,9,29815.45,2024-05-24,4.11,Loyal
CUST0095,9,18673.05,2024-06-05,3.56,Loyal
CUST1074,6,29364.35,2024-04-19,4.33,Stable
CUST1024,11,25313.1,2024-03-16,4.0,Loyal
CUST0854,5,12901.35,2024-03-19,4.2,Stable
CUST0390,9,25158.4,2024-05-27,3.89,Loyal
CUST0801,6,19640.0,2024-03-04,3.33,Stable
CUST0616,5,11443.1,2024-01-01,4.0,Stable
CUST0727,13,26928.75,2024-05-16,3.54,Loyal
CUST1003,8,19345.0,2024-01-25,3.88,Loyal
CUST0237,7,20283.8,2024-05-04,4.43,Stable
CUST0468,4,8634.55,2024-06-06,3.5,Stable
CUST0706,4,13180.8,2024-06-24,4.5,Stable
CUST0586,8,44284.35,2024-06-05,4.0,Loyal
CUST0902,12,56663.35,2024-05-15,3.58,Loyal
CUST0386,6,28237.05,2024-04-15,3.83,Stable
CUST0855,11,32051.55,2024-05-14,4.18,Loyal
CUST1122,8,20678.4,2024-03-15,4.13,Loyal
CUST0552,7,22106.35,2024-03-27,3.71,Stable
CUST0791,10,57339.3,2024-05-11,4.0,Loyal
CUST0214,12,30146.6,2024-06-06,3.75,Loyal
CUST0895,6,14703.3,2024-06-08,4.17,Stable
CUST1019,6,22632.25,2024-03-02,3.67,Stable
CUST0046,4,25819.35,2024-01-31,3.25,Stable
CUST0819,7,31671.8,2024-06-16,3.86,Stable
CUST0776,9,37623.05,2024-05-12,4.0,Loyal
CUST0723,5,16620.05,2024-02-22,4.8,Stable
CUST0453,7,18688.7,2024-04-28,4.0,Stable
CUST0226,7,26521.1,2023-11-26,3.86,Stable
CUST0149,8,26610.55,2024-05-14,3.38,Loyal
CUST1118,6,40110.2,2024-02-12,3.5,Stable
CUST0491,9,37120.05,2024-05-21,3.67,Loyal
CUST0017,5,36002.9,2023-10-16,3.6,Stable
CUST1150,9,23046.1,2024-06-23,3.67,Loyal
CUST0234,7,14716.3,2024-03-28,3.57,Stable
CUST0202,6,12635.0,2024-06-24,4.0,Stable
CUST1075,6,17569.7,2024-03-11,3.67,Stable
CUST0205,4,8766.75,2024-05-26,4.0,Stable
CUST1194,6,37590.45,2024-05-06,4.5,Stable
CUST0200,5,10646.15,2024-04-10,3.8,Stable
CUST0066,8,57954.25,2024-03-30,4.0,Loyal
CUST0861,10,23348.2,2024-06-01,3.9,Loyal
CUST0115,8,20890.35,2024-06-17,3.63,Loyal
CUST0313,10,26304.3,2024-06-19,3.3,Loyal
CUST0858,5,15000.3,2024-01-08,3.8,Stable
CUST0887,8,31763.3,2024-04-18,4.25,Loyal
CUST1038,8,27950.8,2024-06-13,4.13,Loyal
CUST0268,11,41565.9,2024-05-07,3.64,Loyal
CUST0195,15,63375.65,2024-06-20,4.27,Loyal
CUST0851,9,33611.85,2024-06-01,4.11,Loyal
CUST0051,7,65050.0,2024-06-19,4.14,Stable
CUST1138,6,12529.2,2023-12-19,3.67,Stable
CUST0700,10,45932.6,2024-05-29,4.4,Loyal
CUST0701,7,22792.9,2024-06-21,4.29,Stable
CUST0555,7,23322.3,2024-02-20,4.29,Stable
CUST0610,7,18099.35,2024-06-13,3.14,Stable
CUST0445,7,25072.75,2024-05-15,4.43,Stable
CUST1183,10,21651.7,2024-05-11,3.9,Loyal
CUST0336,9,31418.05,2024-03-02,4.67,Loyal
CUST0009,6,18303.95,2024-05-24,4.0,Stable
CUST0478,3,15785.85,2023-11-13,4.0,At Risk
CUST0931,13,40083.0,2024-06-15,3.62,Loyal
CUST0747,7,12584.7,2024-05-08,4.29,Stable
CUST0278,7,33865.05,2024-06-05,3.86,Stable
CUST0977,9,31498.55,2024-06-22,3.56,Loyal
CUST0544,5,13184.3,2024-05-19,4.2,Stable
CUST0401,11,52019.2,2024-04-16,4.0,Loyal
CUST0984,13,71786.9,2024-03-13,4.38,Loyal
CUST0650,7,26763.8,2024-04-04,3.71,Stable
CUST0541,9,24224.5,2024-05-11,4.33,Loyal
CUST0682,11,35149.7,2024-06-13,3.91,Loyal
CUST0624,10,27281.7,2024-06-16,3.6,Loyal
CUST0557,5,10960.9,2023-09-30,4.6,Stable
CUST0982,12,44043.8,2024-06-24,3.58,Loyal
CUST0429,6,25219.8,2024-03-05,4.0,Stable
CUST0084,11,33531.25,2024-06-05,4.27,Loyal
CUST0174,4,15871.95,2024-05-22,3.75,Stable
CUST0718,9,36103.2,2024-05-27,3.0,Loyal
CUST0307,6,10995.05,2024-04-24,4.17,Stable
CUST1123,9,41091.85,2024-05-13,3.89,Loyal
CUST0148,14,47471.5,2024-05-16,4.14,Loyal
CUST0129,9,17724.6,2024-06-08,3.56,Loyal
CUST0631,8,32315.1,2024-05-26,3.75,Loyal
CUST0135,9,39579.6,2024-05-09,3.33,Loyal
CUST0321,6,12836.75,2024-04-27,4.33,Stable
CUST0018,7,34825.0,2024-04-02,3.57,Stable
CUST0591,7,16059.0,2024-03-23,4.14,Stable
CUST0848,8,32540.0,2024-04-07,3.88,Loyal
CUST0928,13,77117.1,2024-05-24,3.92,Loyal
CUST0127,5,35003.35,2024-05-04,3.8,Stable
CUST0044,10,28308.15,2024-06-13,3.9,Loyal
CUST1040,11,48473.75,2024-06-20,4.18,Loyal
CUST1129,6,41773.2,2024-06-21,3.0,Stable
CUST0094,4,10807.45,2023-08-01,4.0,Stable
CUST0585,11,44406.65,2024-06-11,3.82,Loyal
CUST0601,6,28221.0,2024-03-23,3.67,Stable
CUST0698,6,15523.85,2024-02-29,4.5,Stable
CUST0951,7,22738.4,2024-06-06,4.14,Stable
CUST0414,6,14759.35,2024-02-18,4.33,Stable
CUST0959,9,52594.15,2024-03-01,3.78,Loyal
CUST0317,6,15724.3,2024-05-11,3.83,Stable
CUST0740,8,38691.6,2024-04-11,4.13,Loyal
CUST0936,2,8362.9,2024-05-13,4.5,At Risk
CUST0479,9,88600.35,2024-06-04,3.56,Loyal
CUST0761,4,18425.7,2023-10-31,4.0,Stable
CUST0113,12,36444.0,2024-06-09,3.83,Loyal
CUST0899,5,9363.8,2024-03-19,4.2,Stable
CUST0970,6,19409.95,2023-11-21,3.5,Stable
CUST0722,6,7283.05,2024-06-04,3.83,Stable
CUST0941,6,18958.8,2024-03-05,3.83,Stable
CUST0538,3,14384.15,2024-04-25,3.67,At Risk
CUST1023,2,2921.55,2023-12-19,5.0,At Risk
CUST0486,10,39425.35,2024-02-28,4.3,Loyal
CUST0092,4,7603.7,2023-10-18,3.75,Stable
CUST1057,8,20123.1,2024-06-17,4.13,Loyal
CUST0379,5,20272.6,2024-06-15,3.8,Stable
CUST0593,10,29835.4,2024-04-18,3.9,Loyal
CUST0047,7,15685.35,2024-05-10,4.43,Stable
CUST0877,7,24951.5,2024-01-12,3.29,Stable
CUST0863,8,24045.1,2024-05-06,2.63,Loyal
CUST0156,4,16213.15,2024-03-16,4.25,Stable
CUST0689,8,14362.6,2024-06-12,4.63,Loyal
CUST0500,11,38206.6,2023-12-12,4.0,Loyal
CUST1155,5,8287.6,2023-11-30,3.4,Stable
CUST0138,6,23597.7,2024-03-03,4.17,Stable
CUST0110,6,32151.2,2024-03-11,4.5,Stable
CUST0282,8,22003.85,2024-06-20,4.25,Loyal
CUST1030,10,24114.7,2024-06-20,3.6,Loyal
CUST0771,5,24936.35,2024-03-01,4.2,Stable
CUST0596,6,77156.1,2024-05-09,4.0,Stable
CUST0188,8,43354.45,2024-05-30,3.13,Loyal
CUST0412,6,16634.7,2024-01-01,3.5,Stable
CUST0539,6,12704.6,2024-06-20,4.0,Stable
CUST0599,9,79162.95,2024-05-05,3.89,Loyal
CUST0245,4,15324.2,2023-10-30,2.75,Stable
CUST0471,8,23203.15,2024-03-26,3.88,Loyal
CUST0155,9,21801.35,2024-04-28,3.56,Loyal
CUST0939,9,25481.55,2024-06-18,3.89,Loyal
CUST0325,8,27352.9,2024-03-27,3.88,Loyal
CUST1085,12,35659.65,2024-06-21,4.08,Loyal
CUST1170,7,24192.3,2024-02-01,4.14,Stable
CUST0816,10,30257.2,2024-05-31,3.9,Loyal
CUST0357,11,51780.5,2024-06-22,4.36,Loyal
CUST0879,7,21068.4,2023-12-22,3.57,Stable
CUST0360,6,25299.1,2024-06-17,4.0,Stable
CUST1148,11,55382.95,2024-06-04,3.64,Loyal
CUST0642,10,31046.2,2024-03-22,3.8,Loyal
CUST0927,9,40284.35,2024-03-31,4.11,Loyal
CUST0339,5,34962.8,2024-06-23,4.2,Stable
CUST0839,7,21961.0,2024-03-18,3.29,Stable
CUST0898,4,6982.55,2024-02-26,4.25,Stable
CUST0040,3,8792.2,2023-06-30,4.33,At Risk
CUST0014,4,17061.75,2024-05-07,4.0,Stable
CUST1011,11,47372.25,2024-05-14,3.64,Loyal
CUST0286,7,16792.65,2024-04-04,4.0,Stable
CUST0540,7,32420.6,2024-06-15,3.57,Stable
CUST0121,8,14500.05,2024-02-19,3.63,Loyal
CUST1200,15,56373.25,2024-03-28,3.4,Loyal
CUST1073,6,32712.25,2024-03-04,3.67,Stable
CUST0033,5,17931.7,2023-11-23,4.6,Stable
CUST0025,13,57114.15,2024-03-31,3.85,Loyal
CUST0235,11,26751.55,2024-06-22,4.18,Loyal
CUST0633,10,69105.1,2024-04-17,3.9,Loyal
CUST0829,4,15499.8,2023-12-24,3.5,Stable
CUST0159,6,21324.95,2024-05-12,3.83,Stable
CUST0255,7,14491.25,2024-06-07,3.43,Stable
CUST0878,7,31215.45,2024-04-04,4.0,Stable
CUST0846,6,17555.7,2024-03-19,4.5,Stable
CUST0622,9,33248.0,2024-03-20,4.22,Loyal
CUST0483,6,17405.85,2024-05-16,3.17,Stable
CUST0890,7,23636.1,2024-04-18,3.86,Stable
CUST1012,6,55586.0,2024-03-31,3.67,Stable
CUST0071,6,27355.05,2024-03-10,4.33,Stable
CUST1104,4,5992.75,2023-10-19,3.0,Stable
CUST0753,7,16090.25,2024-05-15,4.29,Stable
CUST0961,9,25887.8,2024-02-14,3.56,Loyal
CUST1186,10,27253.7,2024-04-15,4.0,Loyal
CUST0859,6,11592.75,2024-05-30,3.83,Stable
CUST0350,8,31826.1,2024-03-13,3.88,Loyal
CUST0772,9,29461.5,2024-05-26,4.11,Loyal
CUST0474,6,14635.0,2024-03-30,2.67,Stable
CUST1152,9,32689.3,2024-06-22,4.11,Loyal
CUST0901,2,3106.65,2024-06-14,2.5,At Risk
CUST0392,9,41274.6,2024-06-16,3.78,Loyal
CUST0806,5,18334.9,2024-06-23,3.6,Stable
CUST0103,8,48182.05,2024-03-20,4.25,Loyal
CUST0632,9,19332.25,2024-06-05,3.89,Loyal
CUST0985,10,62005.0,2024-06-16,4.3,Loyal
CUST0926,8,26693.45,2024-05-04,3.5,Loyal
CUST0292,9,43734.2,2024-03-14,4.0,Loyal
CUST0502,8,26352.15,2024-05-04,3.5,Loyal
CUST0841,4,9712.35,2024-05-20,2.5,Stable
CUST1185,6,8209.85,2024-05-10,3.67,Stable
CUST1144,5,20487.2,2024-05-27,3.2,Stable
CUST1130,9,14803.8,2024-04-22,3.44,Loyal
CUST0098,11,34227.85,2024-02-21,3.82,Loyal
CUST0566,8,23376.7,2024-05-06,4.63,Loyal
CUST0298,7,15496.1,2023-12-01,3.86,Stable
CUST0218,7,23465.4,2024-01-19,3.43,Stable
CUST1103,3,6056.2,2023-11-16,4.0,At Risk
CUST0359,4,21884.7,2023-12-28,4.25,Stable
CUST0697,10,51028.9,2024-05-23,3.5,Loyal
CUST1193,13,41621.75,2024-06-06,3.69,Loyal
CUST1005,7,16365.85,2024-06-24,4.0,Stable
CUST0923,13,31634.45,2024-05-27,3.69,Loyal
CUST0421,7,26896.25,2024-05-23,3.71,Stable
CUST0741,4,15683.75,2024-04-23,4.5,Stable
CUST0581,8,35486.75,2024-04-21,3.63,Loyal
CUST0454,5,8068.95,2024-03-31,4.6,Stable
CUST0085,7,16594.15,2024-05-24,4.57,Stable
CUST0436,8,31556.65,2024-04-06,3.38,Loyal
CUST0230,8,37651.8,2024-03-17,3.25,Loyal
CUST1016,7,46663.55,2024-04-21,4.0,Stable
CUST0288,8,24920.35,2024-05-28,3.38,Loyal
CUST0090,9,50750.25,2024-06-12,3.89,Loyal
CUST0137,7,23527.25,2024-05-28,2.71,Stable
CUST1027,7,21806.1,2024-06-05,3.57,Stable
CUST0042,5,10599.0,2023-12-17,4.2,Stable
CUST0391,8,23423.25,2024-06-10,4.13,Loyal
CUST0249,2,3135.8,2024-02-18,4.0,At Risk
CUST0831,7,14057.95,2024-05-10,3.71,Stable
CUST0973,6,11666.25,2023-11-29,3.83,Stable
CUST0737,5,43671.0,2024-06-03,4.0,Stable
CUST0563,6,10376.2,2024-05-20,4.0,Stable
CUST0208,14,43849.0,2024-06-13,4.07,Loyal
CUST0099,9,58999.5,2024-06-10,3.67,Loyal
CUST0760,8,33251.55,2024-06-24,4.13,Loyal
CUST0349,5,15290.95,2024-01-05,4.0,Stable
CUST0499,5,17408.6,2024-02-20,4.4,Stable
CUST0775,7,19977.9,2024-04-26,4.43,Stable
CUST0503,7,23048.2,2024-03-14,4.14,Stable
CUST0490,9,23242.75,2024-06-14,4.0,Loyal
CUST0053,9,37314.3,2024-06-19,4.11,Loyal
CUST0057,5,31384.85,2024-03-18,3.8,Stable
CUST1160,9,29816.05,2024-05-12,3.67,Loyal
CUST0177,7,24275.5,2024-06-08,4.43,Stable
CUST0687,7,22173.35,2024-02-05,4.14,Stable
CUST0233,7,27588.55,2024-04-09,3.86,Stable
CUST0415,9,13732.05,2024-06-18,3.56,Loyal
CUST0924,9,35557.65,2024-03-09,3.44,Loyal
CUST0446,12,47458.2,2024-06-14,3.83,Loyal
CUST1140,12,87717.35,2024-01-08,4.0,Loyal
CUST0206,7,37579.15,2024-03-24,4.0,Stable
CUST0294,12,40037.45,2024-06-18,3.67,Loyal
CUST0705,6,20949.0,2024-06-11,3.33,Stable
CUST0946,7,37428.25,2024-06-12,3.86,Stable
CUST0447,7,23821.55,2024-06-18,3.71,Stable
CUST0326,4,10420.05,2024-05-31,3.0,Stable
CUST0988,8,26317.9,2024-02-22,3.75,Loyal
CUST0745,14,46897.4,2024-03-25,4.36,Loyal
CUST1098,5,15456.75,2024-06-05,3.4,Stable
CUST0667,6,30969.25,2024-06-24,4.0,Stable
CUST0967,9,19964.95,2024-06-01,3.67,Loyal
CUST0603,6,18507.95,2024-04-30,3.33,Stable
CUST0022,5,11662.7,2024-04-22,3.8,Stable
CUST0158,6,22753.75,2024-04-11,3.17,Stable
CUST0266,7,39939.35,2024-04-19,4.14,Stable
CUST0087,6,24504.9,2024-03-07,3.67,Stable
CUST0692,6,17025.6,2024-06-02,4.0,Stable
CUST0592,7,66474.9,2024-03-25,3.43,Stable
CUST0167,6,20764.7,2024-03-31,4.67,Stable
CUST0026,4,7690.2,2024-03-01,3.75,Stable
CUST0187,6,18162.65,2024-05-03,3.83,Stable
CUST0821,7,41495.7,2024-03-19,3.57,Stable
CUST0107,7,15507.55,2024-06-24,3.14,Stable
CUST0717,5,16865.9,2024-05-31,3.4,Stable
CUST0162,5,7500.3,2024-04-18,3.4,Stable
CUST0764,6,30339.7,2024-04-10,3.17,Stable
CUST0510,4,10408.2,2023-12-07,4.5,Stable
CUST0997,5,7660.6,2024-05-24,4.2,Stable
CUST0480,5,11807.45,2024-03-23,3.2,Stable
CUST0780,9,62402.3,2024-04-20,4.33,Loyal
CUST0714,9,29616.95,2024-06-11,3.67,Loyal
CUST0673,7,45874.2,2024-06-24,3.71,Stable
CUST0954,5,8468.4,2024-01-27,4.2,Stable
CUST0852,3,9366.95,2024-06-17,4.33,At Risk
CUST0656,6,17625.25,2024-02-24,4.5,Stable
CUST0075,11,43224.2,2024-06-04,3.91,Loyal
CUST0506,11,46195.15,2024-06-20,3.82,Loyal
CUST0318,4,7720.8,2024-03-21,4.0,Stable
CUST0497,7,58513.4,2024-05-12,4.0,Stable
CUST0710,10,35602.65,2024-04-10,3.6,Loyal
CUST0746,4,8391.0,2024-02-19,2.75,Stable
CUST1196,7,22475.25,2023-12-13,3.71,Stable
CUST0607,8,12825.3,2024-06-19,3.63,Loyal
CUST0750,5,7217.05,2024-04-11,4.0,Stable
CUST0322,7,31697.15,2024-06-21,3.86,Stable
CUST0100,11,33047.25,2024-06-21,3.82,Loyal
CUST0229,4,12887.0,2024-02-03,3.5,Stable
CUST0856,6,46301.7,2024-06-01,3.33,Stable
CUST0608,4,10772.4,2024-05-02,3.5,Stable
CUST0618,10,70081.15,2024-05-16,3.9,Loyal
CUST0847,5,33103.75,2024-05-22,4.6,Stable
CUST0301,6,22696.55,2024-02-18,4.67,Stable
CUST1091,10,26846.25,2024-06-10,3.7,Loyal
CUST0011,7,37088.2,2024-06-09,4.29,Stable
CUST1021,6,53428.7,2024-06-20,3.67,Stable
CUST1182,4,11705.15,2024-04-26,3.0,Stable
CUST0711,8,37680.55,2024-04-06,4.38,Loyal
CUST1001,8,23314.85,2024-04-08,4.38,Loyal
CUST1124,9,22749.85,2024-01-21,3.56,Loyal
CUST0932,8,17189.65,2024-06-12,3.63,Loyal
CUST0962,6,21539.5,2024-06-09,3.83,Stable
CUST0003,7,22315.25,2024-05-30,4.29,Stable
CUST0836,4,11827.2,2024-03-31,4.0,Stable
CUST1178,4,18212.85,2024-01-10,4.75,Stable
CUST1189,4,10918.35,2024-03-27,4.5,Stable
CUST0193,6,17325.55,2024-05-17,3.83,Stable
CUST0190,8,23438.85,2024-05-10,3.75,Loyal
CUST0028,7,22688.6,2024-06-09,3.86,Stable
CUST0577,9,48993.65,2024-06-02,4.0,Loyal
CUST0556,9,31161.6,2024-04-06,4.0,Loyal
CUST1151,6,22994.9,2024-05-08,3.67,Stable
CUST0733,9,34874.95,2024-05-13,3.56,Loyal
CUST0770,9,25933.7,2024-06-19,4.33,Loyal
CUST0048,7,15724.5,2024-06-16,3.71,Stable
CUST0451,3,8329.8,2023-11-13,4.33,At Risk
CUST0465,8,28598.5,2024-05-18,3.5,Loyal
CUST1142,7,22466.5,2024-06-03,4.29,Stable
CUST1114,11,26194.6,2024-05-21,3.82,Loyal
CUST0081,10,39215.45,2024-01-24,4.5,Loyal
CUST0680,8,37562.3,2024-06-04,3.25,Loyal
CUST0995,10,34957.25,2024-05-07,4.4,Loyal
CUST0532,7,21040.1,2024-01-29,4.0,Stable
CUST0978,8,22239.8,2024-06-20,3.25,Loyal
CUST0337,5,12169.55,2024-01-08,3.2,Stable
CUST0994,7,24348.35,2024-02-29,4.29,Stable
CUST0276,6,26304.2,2024-05-22,2.83,Stable
CUST1090,6,10260.7,2024-06-23,3.67,Stable
CUST0658,6,59136.3,2024-06-13,3.33,Stable
CUST0998,6,18065.95,2024-03-19,4.17,Stable
CUST0521,7,10910.25,2024-05-31,2.71,Stable
CUST0037,5,13426.1,2024-06-23,3.8,Stable
CUST1157,8,28106.2,2024-06-16,3.88,Loyal
CUST0547,6,6985.0,2024-03-01,3.67,Stable
CUST0124,9,19092.95,2024-05-24,4.11,Loyal
CUST0912,11,41690.55,2024-06-22,3.82,Loyal
CUST0805,9,42360.5,2024-04-18,4.67,Loyal
CUST0518,8,24190.5,2024-02-04,3.13,Loyal
CUST0617,9,21782.2,2024-06-24,3.56,Loyal
CUST0950,9,32766.0,2024-06-18,3.33,Loyal
CUST0757,11,36431.5,2024-04-30,3.64,Loyal
CUST0013,6,18640.15,2024-05-01,2.33,Stable
CUST0079,9,19186.75,2024-06-01,3.89,Loyal
CUST0166,8,25852.7,2024-06-22,4.0,Loyal
CUST0986,12,34600.75,2024-05-02,3.58,Loyal
CUST0560,7,21408.45,2024-01-27,3.0,Stable
CUST0576,10,27176.15,2024-06-24,4.0,Loyal
CUST0306,6,28568.9,2024-02-19,3.0,Stable
CUST0648,7,13129.5,2024-05-22,4.43,Stable
CUST0571,8,15785.1,2024-02-21,3.75,Loyal
CUST1092,10,25813.15,2024-06-16,4.3,Loyal
CUST1121,7,14450.15,2024-06-13,4.71,Stable
CUST0824,8,45149.9,2024-05-13,3.63,Loyal
CUST0695,6,11309.2,2023-11-01,4.0,Stable
CUST0319,7,26385.8,2024-05-15,4.14,Stable
CUST1034,5,15107.2,2024-05-08,4.4,Stable
CUST0036,6,28514.95,2024-04-27,3.83,Stable
CUST0504,8,45776.6,2024-06-02,3.38,Loyal
CUST0475,4,14819.1,2023-12-22,3.5,Stable
CUST0393,7,45192.4,2024-06-06,3.29,Stable
CUST0146,6,24643.8,2024-03-29,4.0,Stable
CUST0625,5,11309.85,2024-06-08,4.4,Stable
CUST0822,8,39592.0,2023-12-23,3.38,Loyal
CUST0035,6,20376.15,2024-05-18,4.83,Stable
CUST1134,8,14514.75,2024-06-16,4.13,Loyal
CUST0132,4,14975.1,2024-06-22,3.75,Stable
CUST0915,7,21299.75,2024-06-21,4.0,Stable
CUST0387,6,13754.9,2024-06-22,4.33,Stable
CUST0232,6,35291.95,2024-01-22,3.17,Stable
CUST1101,9,38468.05,2024-03-01,4.22,Loyal
CUST0189,6,15073.0,2024-04-21,5.0,Stable
CUST0974,5,20961.1,2024-02-14,3.2,Stable
CUST0312,5,14898.65,2024-03-24,4.6,Stable
CUST0228,6,19179.3,2024-04-08,4.17,Stable
CUST0762,8,38090.6,2024-06-20,3.5,Loyal
CUST0905,3,5836.65,2023-06-25,4.67,At Risk
CUST0267,7,38850.45,2024-03-28,2.86,Stable
CUST0466,7,18711.45,2024-06-10,3.71,Stable
CUST0157,6,20004.35,2023-12-20,3.67,Stable
CUST0383,10,32151.75,2024-05-28,4.0,Loyal
CUST0799,5,18245.1,2024-03-19,3.6,Stable
CUST0834,8,52107.65,2024-06-24,4.0,Loyal
CUST0165,6,11796.15,2024-06-11,3.67,Stable
CUST0164,6,16459.8,2024-06-21,4.17,Stable
CUST0921,11,51314.75,2024-05-20,3.18,Loyal
CUST0262,9,31039.9,2024-05-11,3.89,Loyal
CUST0427,3,8117.25,2024-04-07,4.0,At Risk
CUST0418,7,23965.15,2024-02-14,3.71,Stable
CUST0108,6,9822.95,2024-06-15,4.5,Stable
CUST0320,5,13351.0,2024-04-08,4.0,Stable
CUST0223,9,34139.9,2024-06-05,3.67,Loyal
CUST0049,5,7629.05,2024-04-20,3.4,Stable
CUST1158,8,16749.35,2024-02-26,4.25,Loyal
CUST1119,8,26495.7,2024-05-10,3.75,Loyal
CUST0382,6,26217.2,2024-04-18,4.17,Stable
CUST0720,3,8952.0,2023-11-06,4.33,At Risk
CUST0782,9,21478.1,2024-06-08,3.67,Loyal
CUST0868,7,13752.7,2024-05-02,3.14,Stable
CUST0542,7,20587.35,2024-03-24,3.86,Stable
CUST0691,7,12516.55,2024-06-21,3.71,Stable
CUST0280,6,22340.75,2024-06-14,4.67,Stable
CUST0809,8,26514.65,2024-04-28,4.25,Loyal
CUST0937,5,7574.15,2024-05-18,4.6,Stable
CUST0251,8,20546.1,2024-04-04,4.63,Loyal
CUST1133,4,10743.7,2024-01-20,4.5,Stable
CUST0910,5,7248.85,2024-04-18,3.2,Stable
CUST0749,11,28511.9,2024-06-02,4.0,Loyal
CUST0734,7,29380.6,2024-05-11,4.0,Stable
CUST0892,7,17294.95,2024-03-01,4.29,Stable
CUST0917,6,11365.2,2024-05-13,3.83,Stable
CUST0293,7,25044.55,2024-01-20,4.14,Stable
CUST0613,5,29774.85,2024-06-24,4.4,Stable
CUST0406,4,13565.55,2024-06-18,3.25,Stable
CUST1135,7,11916.25,2024-06-06,4.14,Stable
CUST0719,8,16050.1,2024-04-27,4.13,Loyal
CUST0815,5,7148.8,2024-04-05,3.6,Stable
CUST0694,8,24056.4,2024-04-25,3.88,Loyal
CUST0810,7,16724.6,2024-05-23,4.14,Stable
CUST0117,6,33562.35,2024-03-21,3.5,Stable
CUST0112,6,24123.9,2024-06-03,3.17,Stable
CUST0980,4,7641.9,2024-05-08,4.25,Stable
CUST0250,6,17907.4,2024-04-18,4.33,Stable
CUST1161,4,13817.1,2023-12-21,2.75,Stable
CUST1006,6,12831.65,2024-01-27,3.67,Stable
CUST0857,13,29459.55,2024-04-22,3.92,Loyal
CUST0305,6,20177.45,2023-10-30,4.17,Stable
CUST0304,10,29367.4,2024-03-26,3.5,Loyal
CUST0873,7,14679.5,2024-05-27,3.71,Stable
CUST0964,8,39344.65,2024-06-11,3.63,Loyal
CUST0595,2,2043.15,2024-01-19,4.0,At Risk
CUST1137,7,28050.8,2024-06-20,4.43,Stable
CUST0573,6,14577.3,2023-11-05,3.17,Stable
CUST0316,7,24357.15,2024-06-18,4.14,Stable
CUST0975,5,19172.75,2024-04-16,3.8,Stable
CUST0942,6,16271.0,2024-06-16,3.67,Stable
CUST0963,4,17432.85,2024-02-26,4.0,Stable
CUST1020,6,14417.55,2024-05-19,4.33,Stable
CUST1050,8,22832.4,2024-06-15,4.0,Loyal
CUST1051,6,17500.4,2024-04-28,4.0,Stable
CUST0281,5,28007.7,2023-09-01,4.4,Stable
CUST0309,7,19924.6,2024-05-24,3.71,Stable
CUST0458,10,31998.15,2024-06-14,3.9,Loyal
CUST0871,6,22979.85,2024-04-14,3.5,Stable
CUST1197,6,17480.55,2023-10-30,4.17,Stable
CUST0860,5,19643.4,2024-04-13,2.6,Stable
CUST0332,6,19178.7,2023-11-12,3.5,Stable
CUST0186,13,37182.65,2024-06-10,3.69,Loyal
CUST0702,10,22368.3,2024-06-07,3.8,Loyal
CUST0825,7,23127.45,2024-05-06,3.71,Stable
CUST1115,7,21673.8,2024-06-20,4.0,Stable
CUST0072,5,16878.15,2024-06-16,3.8,Stable
CUST0492,8,12654.9,2024-03-18,3.75,Loyal
CUST1113,5,6357.55,2024-06-23,3.0,Stable
CUST0884,7,21725.45,2024-06-03,3.29,Stable
CUST0067,7,19409.7,2024-05-04,3.14,Stable
CUST0934,9,19283.9,2024-03-25,4.44,Loyal
CUST0765,5,16108.0,2024-06-09,3.2,Stable
CUST0949,6,16979.7,2024-04-25,3.67,Stable
CUST1086,10,31199.0,2024-05-18,3.5,Loyal
CUST0183,9,37135.45,2024-05-04,3.78,Loyal
CUST1126,7,27956.6,2023-09-27,3.43,Stable
CUST0178,9,26543.65,2024-06-11,3.33,Loyal
CUST0287,6,14032.8,2024-05-02,3.83,Stable
CUST0416,9,30380.2,2024-06-02,3.44,Loyal
CUST0865,7,27922.3,2024-06-09,3.71,Stable
CUST0696,7,18923.95,2024-04-26,3.29,Stable
CUST0212,11,48147.6,2024-06-24,4.0,Loyal
CUST0170,3,12686.6,2024-02-20,1.67,At Risk
CUST1100,5,9155.2,2023-06-12,4.6,Stable
CUST0225,5,14547.35,2024-06-04,3.8,Stable
CUST0410,10,30381.0,2024-02-13,3.6,Loyal
CUST0076,11,36714.9,2024-06-24,4.09,Loyal
CUST0707,4,14819.4,2024-04-27,3.75,Stable
CUST1174,6,31490.05,2024-02-25,3.67,Stable
CUST0965,7,42084.2,2024-06-16,3.29,Stable
CUST0582,8,19229.6,2024-06-22,3.38,Loyal
CUST0991,5,17717.2,2024-05-05,4.4,Stable
CUST0570,7,32032.75,2024-06-23,3.43,Stable
CUST0264,5,35603.85,2024-06-13,3.6,Stable
CUST0141,4,17501.1,2024-03-18,3.75,Stable
CUST0739,6,8720.75,2024-05-09,4.33,Stable
CUST0356,3,11348.1,2023-10-25,3.33,At Risk
CUST0020,5,37169.5,2024-02-13,4.0,Stable
CUST0275,6,9117.4,2024-05-06,3.17,Stable
CUST0900,6,10785.6,2024-05-20,4.33,Stable
CUST0609,12,39660.95,2024-06-14,4.08,Loyal
CUST0802,9,20963.4,2024-06-11,3.56,Loyal
CUST0487,6,20729.4,2024-01-18,3.67,Stable
CUST0768,5,14027.1,2024-04-02,4.6,Stable
CUST0894,9,18048.2,2024-05-08,3.33,Loyal
CUST1116,11,38576.25,2024-05-16,3.55,Loyal
CUST1195,8,23720.15,2024-03-06,3.75,Loyal
CUST0679,13,49441.9,2024-02-05,3.85,Loyal
CUST0813,7,18877.25,2024-06-09,4.57,Stable
CUST1025,8,27848.45,2024-04-03,4.0,Loyal
CUST0384,5,8296.5,2024-01-21,4.6,Stable
CUST0916,1,1992.15,2024-01-27,3.0,One-Time
CUST0435,9,53549.2,2024-05-03,4.11,Loyal
CUST0640,5,15817.1,2023-10-14,4.4,Stable
CUST0501,8,12600.75,2024-04-18,4.0,Loyal
CUST0580,9,32941.85,2024-02-17,4.0,Loyal
CUST0176,6,14019.15,2024-06-22,4.5,Stable
CUST0945,11,48618.8,2024-04-09,3.55,Loyal
CUST0803,6,20227.0,2024-01-17,3.83,Stable
CUST0308,12,56339.0,2024-05-16,4.42,Loyal
CUST1032,11,36217.45,2024-03-13,3.73,Loyal
CUST0291,3,9501.9,2024-01-20,4.67,At Risk
CUST0263,9,39704.7,2024-04-12,4.11,Loyal
CUST0058,9,41166.45,2024-06-05,3.56,Loyal
CUST0882,5,9008.6,2024-04-26,4.4,Stable
CUST0725,4,7533.45,2024-03-19,4.25,Stable
CUST0958,8,17670.25,2024-06-12,4.0,Loyal
CUST0210,5,8544.35,2024-02-28,2.8,Stable
CUST0534,3,9790.0,2023-11-19,4.67,At Risk
CUST0519,7,31475.05,2024-03-29,4.29,Stable
CUST0168,10,25356.05,2024-05-30,4.1,Loyal
CUST0324,5,17336.7,2024-04-18,3.8,Stable
CUST1145,8,23753.0,2024-05-02,3.75,Loyal
CUST0219,4,12374.65,2024-05-15,3.5,Stable
CUST0554,14,44597.35,2024-03-04,3.71,Loyal
CUST1083,4,14673.05,2023-10-25,2.5,Stable
CUST0517,9,39643.1,2024-06-04,3.33,Loyal
CUST0328,5,16761.25,2024-02-26,3.4,Stable
CUST0203,9,41272.3,2024-06-07,3.78,Loyal
CUST0413,7,48926.05,2024-02-24,3.57,Stable
CUST0130,5,13897.65,2024-06-17,2.2,Stable
CUST0693,6,14131.65,2024-06-17,4.33,Stable
CUST0444,6,14399.55,2024-03-21,3.83,Stable
CUST0123,10,26128.15,2024-06-01,3.7,Loyal
CUST0460,6,29401.05,2024-04-05,4.0,Stable
CUST0284,11,40820.15,2024-05-08,4.0,Loyal
CUST0866,8,18340.85,2024-05-19,4.38,Loyal
CUST0588,6,25346.7,2024-03-31,3.83,Stable
CUST1180,7,29171.55,2024-05-09,3.57,Stable
CUST0598,11,36912.15,2024-06-06,3.45,Loyal
CUST0086,7,18601.75,2024-02-16,3.57,Stable
CUST1058,10,24575.15,2024-06-12,4.2,Loyal
CUST0636,4,26127.5,2024-03-13,3.0,Stable
CUST0548,7,31759.0,2024-06-12,3.86,Stable
CUST1166,3,13508.55,2023-10-30,4.33,At Risk
CUST0346,8,30295.35,2024-05-31,3.5,Loyal
CUST0259,8,21833.7,2024-05-09,3.5,Loyal
CUST0296,8,23394.1,2024-04-30,4.0,Loyal
CUST0785,3,11433.4,2023-12-30,4.67,At Risk
CUST0161,6,19521.8,2024-01-18,3.33,Stable
CUST0646,8,24810.5,2023-08-30,3.75,Loyal
CUST1128,7,73396.5,2024-06-20,4.14,Stable
CUST0600,14,60946.05,2024-03-31,3.79,Loyal
CUST1002,9,20284.8,2024-04-27,4.22,Loyal
CUST0093,8,28337.5,2024-05-22,4.0,Loyal
CUST0641,5,10784.9,2024-05-16,4.0,Stable
CUST0638,4,11932.8,2023-07-15,2.75,Stable
CUST0897,9,44406.75,2024-03-19,3.78,Loyal
CUST0372,9,33984.3,2024-06-08,4.33,Loyal
CUST0070,7,21473.3,2024-04-08,3.86,Stable
CUST0922,7,20457.2,2024-02-26,4.14,Stable
CUST0703,8,24819.3,2024-02-10,4.5,Loyal
CUST0989,7,57302.55,2024-06-12,4.29,Stable
CUST0565,11,30074.0,2024-03-14,3.73,Loyal
CUST0911,8,17444.45,2024-03-15,3.5,Loyal
CUST0981,8,26330.95,2024-06-15,3.75,Loyal
CUST0348,5,36345.0,2024-02-13,4.6,Stable
CUST0462,4,15935.3,2024-06-15,3.75,Stable
CUST0615,6,20104.4,2024-06-10,3.83,Stable
CUST0171,6,17456.85,2023-09-04,4.17,Stable
CUST0323,6,11590.2,2023-11-27,4.0,Stable
CUST0533,8,28952.85,2024-04-26,4.13,Loyal
CUST1035,5,14224.6,2024-04-25,3.4,Stable
CUST0488,6,19256.55,2024-03-18,4.0,Stable
CUST0417,7,21822.6,2024-04-16,3.71,Stable
CUST0786,9,27854.65,2024-05-25,4.0,Loyal
CUST1022,4,7671.8,2024-04-28,3.25,Stable
CUST0685,5,16331.05,2023-12-06,3.6,Stable
CUST0676,6,12044.65,2023-09-20,4.33,Stable
CUST0664,3,6122.3,2024-04-14,5.0,At Risk
CUST1026,6,17664.8,2023-12-08,3.33,Stable
CUST0147,3,10124.5,2024-04-22,4.33,At Risk
CUST0827,4,24276.5,2024-05-05,4.5,Stable
CUST0983,7,26762.65,2024-05-22,3.86,Stable
CUST1061,3,10164.75,2024-05-09,3.0,At Risk
CUST0935,6,10959.3,2024-05-13,3.17,Stable
CUST0567,8,40145.95,2024-05-28,4.13,Loyal
CUST0562,4,45136.0,2024-06-17,4.5,Stable
CUST0041,10,33412.3,2024-04-10,4.1,Loyal
CUST1004,7,22501.7,2023-12-02,4.43,Stable
CUST0065,10,30416.0,2024-06-11,3.3,Loyal
CUST0128,4,7716.2,2024-02-26,4.5,Stable
CUST0375,10,34018.2,2024-04-25,4.2,Loyal
CUST0169,4,14570.85,2024-06-24,4.5,Stable
CUST0516,7,36864.55,2024-04-17,3.29,Stable
CUST0913,9,24323.5,2024-06-09,3.89,Loyal
CUST0947,9,18070.2,2024-06-24,3.33,Loyal
CUST0730,7,18147.6,2024-02-04,3.29,Stable
CUST1095,7,25546.85,2024-01-14,4.29,Stable
CUST0258,5,25407.3,2024-05-27,3.6,Stable
CUST0361,6,19590.25,2023-11-08,4.17,Stable
CUST1102,3,13022.5,2024-05-25,3.67,At Risk
CUST0131,4,13159.35,2024-03-19,4.75,Stable
CUST0845,8,18460.8,2024-05-17,4.25,Loyal
CUST0015,7,25966.7,2024-06-02,4.0,Stable
CUST0056,7,12540.35,2024-04-26,4.14,Stable
CUST0643,12,36291.5,2024-06-01,3.75,Loyal
CUST0303,8,30739.05,2024-06-12,4.25,Loyal
CUST0248,5,12646.95,2023-12-11,2.6,Stable
CUST0535,8,30404.0,2024-03-09,3.13,Loyal
CUST0061,7,22635.7,2024-02-12,3.71,Stable
CUST0531,5,14434.0,2024-01-13,4.0,Stable
CUST0796,3,11182.85,2024-02-14,3.33,At Risk
CUST0078,5,28178.1,2024-03-28,3.4,Stable
CUST0623,5,6796.95,2024-01-26,3.6,Stable
CUST0690,5,15460.05,2024-04-29,4.0,Stable
CUST0955,7,64280.55,2024-05-22,4.29,Stable
CUST1131,8,25746.65,2024-06-13,4.38,Loyal
CUST0758,8,30003.55,2024-06-17,3.63,Loyal
CUST0344,7,17633.5,2024-01-17,4.14,Stable
CUST0529,6,19761.8,2024-05-05,4.0,Stable
CUST0184,7,18493.35,2024-02-16,3.57,Stable
CUST0956,4,21597.9,2024-02-17,2.75,Stable
CUST0766,7,26816.6,2024-04-24,4.0,Stable
CUST0744,6,17154.9,2024-01-02,3.17,Stable
CUST0001,3,32688.85,2024-06-22,3.33,At Risk
CUST0832,6,23507.1,2024-04-21,3.5,Stable
CUST0201,10,67557.3,2024-04-20,3.8,Loyal
CUST0299,3,14091.0,2024-02-07,3.33,At Risk
CUST0735,8,23508.05,2024-05-08,4.13,Loyal
CUST1028,7,18870.85,2024-03-25,3.57,Stable
CUST0345,7,48702.55,2024-04-05,4.14,Stable
CUST0920,6,13717.5,2024-06-04,4.0,Stable
CUST0363,5,19803.6,2024-03-12,3.4,Stable
CUST1078,6,14974.6,2024-06-07,4.67,Stable
CUST0993,12,39210.9,2024-02-22,3.58,Loyal
CUST0407,7,23991.35,2024-04-08,4.0,Stable
CUST0681,8,37566.25,2024-04-26,3.88,Loyal
CUST0817,5,11966.7,2024-05-31,3.6,Stable
CUST0909,6,17891.3,2024-05-03,3.17,Stable
CUST0434,4,18622.65,2023-11-22,4.25,Stable
CUST1065,8,41321.9,2024-04-01,3.38,Loyal
CUST0933,11,59098.2,2024-05-21,3.55,Loyal
CUST1143,6,14572.6,2024-01-02,3.67,Stable
CUST0385,2,5437.1,2023-10-15,4.0,At Risk
CUST0507,9,50760.95,2024-04-25,3.89,Loyal
CUST0120,7,23915.05,2024-05-28,3.86,Stable
CUST0030,2,6529.35,2024-05-25,4.5,At Risk
CUST0835,4,17633.15,2023-12-08,3.5,Stable
CUST0665,8,46027.05,2024-05-13,4.5,Loyal
CUST0023,7,18728.7,2024-05-31,4.0,Stable
CUST0432,2,8363.1,2024-02-23,4.5,At Risk
CUST0948,5,36273.15,2024-05-19,3.6,Stable
CUST0704,5,8627.7,2024-05-04,3.8,Stable
CUST0329,7,19479.6,2024-04-25,4.14,Stable
CUST0906,6,18181.4,2024-02-10,3.83,Stable
CUST0335,6,28877.9,2023-11-07,4.33,Stable
CUST0840,8,24249.45,2024-05-09,4.0,Loyal
CUST0029,9,39060.0,2024-05-08,3.44,Loyal
CUST0804,9,31036.3,2024-05-05,4.33,Loyal
CUST1093,6,17188.75,2024-04-17,3.83,Stable
CUST0024,7,27744.15,2024-06-08,3.57,Stable
CUST0270,9,27580.25,2024-06-05,3.67,Loyal
CUST1198,6,42471.3,2024-05-29,3.5,Stable
CUST0215,6,16654.3,2024-03-01,3.67,Stable
CUST0579,7,19319.6,2024-05-06,4.0,Stable
CUST0198,4,22107.9,2024-04-11,4.25,Stable
CUST0290,4,16004.25,2024-05-23,3.5,Stable
CUST1039,6,14589.9,2024-04-16,3.5,Stable
CUST0050,6,26313.0,2024-04-25,4.17,Stable
CUST0163,12,52718.35,2024-05-25,3.5,Loyal
CUST0485,4,13318.1,2024-05-15,3.25,Stable
CUST0145,3,3674.7,2024-05-18,2.67,At Risk
CUST0925,12,48780.55,2024-05-26,4.08,Loyal
CUST0781,10,37307.6,2024-03-28,4.7,Loyal
CUST1077,9,19362.65,2024-06-11,4.11,Loyal
CUST0425,5,12336.3,2024-01-10,4.2,Stable
CUST0175,7,18461.45,2023-11-20,3.14,Stable
CUST0080,7,14618.15,2024-06-24,4.43,Stable
CUST1167,5,12868.05,2024-01-19,4.8,Stable
CUST0523,7,39513.75,2024-06-18,3.57,Stable
CUST0522,10,29408.45,2024-06-12,3.6,Loyal
CUST1062,9,66975.7,2024-04-09,3.67,Loyal
CUST0181,6,11426.0,2024-01-06,3.83,Stable
CUST0721,6,48100.8,2024-04-08,4.0,Stable
CUST1190,11,36944.1,2024-04-18,4.27,Loyal
CUST0777,3,11412.15,2023-08-28,3.67,At Risk
CUST0199,6,15954.25,2024-06-21,3.5,Stable
CUST0265,6,27087.1,2024-05-26,3.83,Stable
CUST0645,12,37421.7,2024-05-19,3.75,Loyal
CUST0853,5,20935.75,2024-04-10,4.4,Stable
CUST0398,6,12033.15,2024-02-13,3.33,Stable
CUST0461,10,22141.55,2024-05-22,3.7,Loyal
CUST0823,6,27860.85,2024-02-17,4.17,Stable
CUST0399,6,15279.4,2024-06-11,4.0,Stable
CUST1168,6,24091.3,2024-02-23,3.67,Stable
CUST1009,9,14002.7,2024-06-02,4.11,Loyal
CUST0016,5,41564.6,2024-04-28,4.4,Stable
CUST0794,6,8580.2,2024-02-19,4.67,Stable
CUST0331,6,14212.45,2024-06-18,4.33,Stable
CUST0213,10,31340.2,2024-04-21,3.7,Loyal
CUST0428,4,16209.0,2024-05-29,4.0,Stable
CUST0419,3,2276.4,2023-05-04,3.33,At Risk
CUST0864,5,22513.5,2024-06-21,3.2,Stable
CUST0666,6,18348.65,2024-03-01,3.33,Stable
CUST0403,11,31942.7,2024-06-04,3.82,Loyal
CUST0505,4,7837.5,2024-05-08,3.5,Stable
CUST0222,6,31478.2,2024-04-02,4.17,Stable
CUST0315,5,15683.8,2024-01-31,4.4,Stable
CUST0972,5,20103.2,2024-03-12,4.2,Stable
CUST0708,2,1586.25,2024-04-21,3.0,At Risk
CUST1037,7,20280.4,2024-01-21,3.71,Stable
CUST0716,6,17317.25,2024-06-13,3.5,Stable
CUST0509,8,27456.7,2024-06-18,3.88,Loyal
CUST0830,5,15810.6,2024-01-20,3.8,Stable
CUST0347,7,12133.6,2024-05-05,3.71,Stable
CUST0883,4,9635.25,2024-02-28,3.5,Stable
CUST0677,8,27303.25,2024-06-04,2.63,Loyal
CUST0373,8,25499.2,2024-05-22,3.38,Loyal
CUST0377,11,30451.45,2024-03-22,4.36,Loyal
CUST0404,9,27255.95,2024-06-14,3.89,Loyal
CUST0244,4,16717.15,2024-02-11,4.75,Stable
CUST0614,7,35064.5,2024-04-24,3.71,Stable
CUST0549,7,16752.45,2024-01-10,3.71,Stable
CUST0627,5,25887.6,2024-04-12,3.8,Stable
CUST1149,3,16239.1,2024-01-04,2.0,At Risk
CUST0742,8,28534.8,2024-04-05,3.13,Loyal
CUST1008,8,25148.55,2024-03-25,3.0,Loyal
CUST0295,3,22525.75,2024-05-04,3.67,At Risk
CUST0966,9,18337.25,2024-04-15,3.22,Loyal
CUST0062,6,10695.5,2024-03-25,3.5,Stable
CUST0376,9,30894.3,2024-05-26,3.89,Loyal
CUST0038,8,23346.2,2024-06-24,3.5,Loyal
CUST0634,8,21253.9,2024-06-08,3.13,Loyal
CUST1120,8,18905.4,2024-05-22,4.13,Loyal
CUST0455,7,17343.4,2024-04-22,3.71,Stable
CUST0788,7,15885.75,2023-11-25,3.86,Stable
CUST0034,10,27295.4,2024-05-28,3.5,Loyal
CUST0254,6,14587.9,2023-11-23,3.83,Stable
CUST1154,3,9457.65,2024-01-05,3.67,At Risk
CUST0957,5,24366.1,2024-06-10,3.2,Stable
CUST0907,2,3696.1,2023-12-04,3.5,At Risk
CUST1153,1,3996.0,2023-04-05,4.0,One-Time
CUST0990,5,24620.6,2024-02-24,3.6,Stable
CUST0891,5,21974.7,2024-05-30,3.4,Stable
CUST0424,6,21781.0,2024-04-20,4.17,Stable
CUST1031,8,36311.7,2024-06-21,3.5,Loyal
CUST0311,1,718.2,2023-05-11,1.0,One-Time
CUST0440,10,21822.1,2024-04-28,3.7,Loyal
CUST0729,4,28399.7,2023-12-27,4.0,Stable
CUST0494,8,27741.8,2024-06-05,4.25,Loyal
CUST0227,5,10548.6,2024-06-16,4.8,Stable
CUST0134,11,49254.0,2024-05-29,3.91,Loyal
CUST0590,3,13945.35,2023-06-11,4.0,At Risk
CUST0838,5,13962.9,2024-06-24,4.6,Stable
CUST0626,6,21029.8,2024-03-14,3.5,Stable
CUST0999,8,24320.55,2024-03-27,3.0,Loyal
CUST1181,7,23095.8,2024-02-05,4.29,Stable
CUST0513,7,21844.45,2024-03-18,4.14,Stable
CUST0657,5,23819.9,2023-07-25,4.4,Stable
CUST0526,3,4572.4,2024-05-30,3.67,At Risk
CUST0408,6,29496.85,2024-05-16,4.67,Stable
CUST0869,4,7787.35,2024-02-28,4.0,Stable
CUST0543,2,2621.25,2023-11-30,3.5,At Risk
CUST0550,6,26685.55,2024-04-10,4.0,Stable
CUST1096,6,22446.9,2024-04-23,4.5,Stable
CUST0354,4,9306.05,2024-02-19,3.5,Stable
CUST0498,7,18339.3,2024-03-21,4.0,Stable
CUST1165,9,28992.25,2024-05-02,3.11,Loyal
CUST0388,7,31665.4,2024-05-11,2.86,Stable
CUST0074,2,2896.2,2024-05-08,4.0,At Risk
CUST1060,5,19069.35,2024-06-20,3.0,Stable
CUST0820,6,10528.3,2024-06-01,4.0,Stable
CUST0253,8,15861.75,2024-06-08,3.5,Loyal
CUST0790,2,3965.1,2024-01-18,3.5,At Risk
CUST0439,2,7868.15,2023-07-30,5.0,At Risk
CUST0818,7,17002.8,2024-03-16,4.43,Stable
CUST0443,5,32809.45,2024-02-05,3.4,Stable
CUST1087,5,19809.9,2024-06-20,4.2,Stable
CUST0179,9,19246.8,2024-03-20,3.89,Loyal
CUST1063,3,7738.35,2024-02-17,3.67,At Risk
CUST0442,5,18763.3,2024-03-23,4.2,Stable
CUST0389,3,7134.9,2023-06-13,3.67,At Risk
CUST0918,6,18694.6,2024-03-31,3.67,Stable
CUST0953,3,6454.95,2024-01-27,3.33,At Risk
CUST1054,3,5468.15,2024-03-08,3.67,At Risk
CUST0285,5,21097.25,2024-03-15,3.6,Stable
CUST0059,7,23054.5,2024-06-10,4.14,Stable
CUST0358,4,30170.05,2023-10-23,4.25,Stable
CUST0686,6,22957.55,2024-06-18,4.33,Stable
CUST0364,2,4277.45,2024-05-16,2.0,At Risk
CUST0773,2,8354.4,2024-03-13,3.5,At Risk
CUST0726,4,13315.55,2024-04-03,4.0,Stable
CUST1047,8,65604.35,2024-06-05,3.88,Loyal
CUST0797,8,76212.9,2024-01-20,3.88,Loyal
CUST0197,5,28553.35,2024-02-05,4.0,Stable
CUST0111,9,28696.4,2024-05-11,3.89,Loyal
CUST0870,6,13959.2,2024-06-11,3.67,Stable
CUST0987,4,11102.15,2024-01-19,2.75,Stable
CUST1094,6,9316.85,2024-04-22,4.5,Stable
CUST0930,2,4186.3,2024-01-26,4.5,At Risk
CUST0732,6,11454.1,2024-05-15,3.5,Stable
CUST1156,1,1998.0,2024-05-02,1.0,One-Time
CUST0738,7,21496.5,2023-11-13,3.86,Stable
CUST0380,3,9921.65,2024-05-11,2.67,At Risk
CUST0699,5,11220.2,2024-04-15,4.2,Stable
CUST0101,5,23605.35,2024-05-30,3.6,Stable
CUST0837,3,4191.45,2024-04-15,4.0,At Risk
CUST1033,6,19596.25,2024-05-27,4.17,Stable
CUST1048,5,34492.35,2023-09-29,4.2,Stable
CUST1097,3,13619.7,2024-01-02,4.33,At Risk
CUST0743,2,28194.0,2024-06-22,4.5,At Risk
CUST0043,2,2694.6,2023-10-23,4.5,At Risk
CUST0630,6,12496.65,2024-06-01,3.0,Stable
CUST0584,5,13399.05,2024-06-24,3.6,Stable
CUST0122,5,13785.9,2023-12-11,4.2,Stable
CUST0118,7,18417.55,2024-06-09,4.0,Stable
CUST0409,2,5094.0,2023-11-21,4.0,At Risk
CUST1044,11,46707.0,2024-06-14,3.73,Loyal
CUST0881,3,8066.85,2024-03-14,3.67,At Risk
CUST0010,7,17532.7,2024-06-15,3.29,Stable
CUST0052,3,5004.45,2023-06-26,4.33,At Risk
CUST1112,5,20765.25,2024-05-18,4.4,Stable
CUST0368,3,8375.55,2024-02-09,4.0,At Risk
CUST0561,7,24737.0,2024-06-08,4.29,Stable
CUST0655,2,6134.4,2024-05-11,4.5,At Risk
CUST0971,5,11807.1,2024-06-13,4.0,Stable
CUST0257,3,6132.15,2023-10-21,3.0,At Risk
CUST1184,6,22827.55,2024-04-23,3.83,Stable
CUST0759,2,2417.4,2024-06-02,4.5,At Risk
CUST0126,5,18092.7,2023-12-12,3.4,Stable
CUST1175,6,46258.45,2024-04-15,4.5,Stable
CUST0351,4,24746.2,2024-01-05,4.5,Stable
CUST0669,2,4155.0,2024-04-05,5.0,At Risk
CUST0524,1,2847.15,2023-04-29,4.0,One-Time
CUST0116,3,6965.35,2023-10-18,4.33,At Risk
CUST0470,5,50588.85,2024-01-12,3.8,Stable
CUST0826,1,1596.0,2023-05-27,4.0,One-Time
CUST0482,3,7965.45,2024-04-13,4.33,At Risk
CUST1084,2,3781.65,2023-10-17,4.0,At Risk
CUST0996,2,8535.0,2024-01-04,4.0,At Risk
CUST0182,5,15953.7,2024-02-20,4.0,Stable
CUST1188,3,5084.6,2023-12-06,4.33,At Risk
CUST0530,5,5746.1,2024-04-25,4.4,Stable
CUST0594,5,19226.75,2024-05-05,3.4,Stable
CUST0842,4,22686.15,2024-01-26,4.75,Stable
CUST0752,3,6231.6,2024-03-17,4.0,At Risk
CUST0511,3,36691.5,2024-06-23,2.0,At Risk
CUST1036,4,10128.15,2024-05-14,4.25,Stable
CUST0748,7,25321.2,2024-05-05,3.14,Stable
CUST0054,4,12910.0,2024-01-28,4.0,Stable
CUST0136,3,8121.3,2024-01-10,4.0,At Risk
CUST0477,5,11456.1,2023-12-31,3.6,Stable
CUST0862,5,10600.4,2024-03-24,3.6,Stable
CUST0340,3,6484.35,2024-05-08,5.0,At Risk
CUST0216,3,4442.5,2023-12-09,4.33,At Risk
CUST0242,1,8999.0,2023-05-23,3.0,One-Time
CUST0109,1,1424.25,2023-06-15,3.0,One-Time
CUST0889,1,7645.75,2023-07-18,5.0,One-Time
CUST0811,1,9996.0,2023-09-08,5.0,One-Time
CUST0528,1,4416.6,2023-01-16,2.0,One-Time
